-0.00042616,-0.000592,-0.00064827,-0.00025825,-0.0004742,-8.1973e-05,0.00021467,-0.00020637,-0.00019721,-0.00018177,-9.1433e-05,-0.0002317,-0.00015033,-0.00016291,-0.00012006
-0.00039351,-0.00058199,-0.00061434,-0.00025636,-0.00046461,-4.6022e-05,0.00011603,-0.00020862,-0.00019404,-0.00017902,-8.9541e-05,-0.00022993,-0.00014386,-0.00015131,-0.00010779
-0.0003769,-0.00057332,-0.00058058,-0.00025813,-0.00045344,-2.4415e-05,3.6866e-05,-0.00021271,-0.00019068,-0.00017029,-8.8565e-05,-0.00022474,-0.00014081,-0.00014142,-0.0001175
-0.00037721,-0.00055599,-0.00056343,-0.00026514,-0.00043733,-1.4893e-05,-2.5575e-05,-0.00020234,-0.00018384,-0.0001474,-8.4109e-05,-0.00021809,-0.00013038,-0.00013935,-0.00014325
-0.00037977,-0.00052876,-0.00055525,-0.00027766,-0.00041499,-1.1658e-05,-6.6713e-05,-0.00018757,-0.00018329,-0.00012342,-7.8127e-05,-0.00021332,-0.00012207,-0.00014783,-0.00016565
-0.00039106,-0.00052626,-0.00056343,-0.00031172,-0.000412,-2.2767e-05,-8.8076e-05,-0.00018171,-0.00019123,-0.00011615,-7.5381e-05,-0.00020728,-0.00012928,-0.00016083,-0.00017933
-0.00042305,-0.00057076,-0.00058235,-0.00036811,-0.00042738,-4.3825e-05,-0.00011182,-0.00018256,-0.00019623,-0.00011866,-7.6846e-05,-0.0002038,-0.00013953,-0.00016651,-0.00018397
-0.00047414,-0.00063301,-0.0006025,-0.00043422,-0.00046278,-7.0193e-05,-0.0001764,-0.0001803,-0.00019172,-0.00011829,-7.7029e-05,-0.00020447,-0.00013855,-0.00016022,-0.00017689
-0.00051442,-0.0006722,-0.00060811,-0.0004723,-0.00050301,-8.5757e-05,-0.00026209,-0.00017524,-0.00018439,-0.00012329,-7.3183e-05,-0.00020838,-0.00012989,-0.00015247,-0.00016932
-0.00052876,-0.0006802,-0.00059871,-0.00050392,-0.00051943,-8.6978e-05,-0.00030512,-0.0001695,-0.00017896,-0.00012885,-6.6469e-05,-0.00020899,-0.00012,-0.00014844,-0.00017066
-0.0005461,-0.00067995,-0.00058809,-0.00058827,-0.00050325,-8.3316e-05,-0.00030342,-0.0001612,-0.00017835,-0.00012439,-5.9145e-05,-0.00020264,-0.00010865,-0.00014887,-0.0001933
-0.00057906,-0.00069399,-0.00058602,-0.00067953,-0.00049794,-8.9358e-05,-0.00028101,-0.00015375,-0.00017786,-0.00011689,-5.6703e-05,-0.00018854,-0.00010572,-0.00015473,-0.0002317
-0.00061599,-0.0007178,-0.00059401,-0.00069863,-0.00051814,-0.00010303,-0.00028413,-0.00015357,-0.00017597,-0.00011921,-5.7802e-05,-0.0001822,-0.00011103,-0.00016004,-0.00025147
-0.00063887,-0.00074831,-0.00061184,-0.00067397,-0.00053536,-0.00012482,-0.00031654,-0.00015699,-0.00017536,-0.00012189,-5.829e-05,-0.00018604,-0.00011567,-0.00015723,-0.00024354
-0.00064235,-0.00078573,-0.00062569,-0.00066353,-0.00053981,-0.00015015,-0.00034254,-0.00015967,-0.00018152,-0.0001203,-6.0549e-05,-0.00019263,-0.00012525,-0.00015644,-0.0002345
-0.00063802,-0.00082943,-0.00062838,-0.00066396,-0.00054396,-0.00017841,-0.00040699,-0.00016266,-0.00018995,-0.00011432,-6.8484e-05,-0.0001966,-0.00014148,-0.00017127,-0.00024622
-0.0006465,-0.00088662,-0.00063216,-0.0006581,-0.00054683,-0.00021375,-0.0005652,-0.00017176,-0.00019697,-0.00011762,-7.8738e-05,-0.00019831,-0.00015564,-0.00019337,-0.00026527
-0.0006689,-0.00092685,-0.00064876,-0.00065426,-0.00055055,-0.0002522,-0.00073165,-0.0001847,-0.00020319,-0.0001485,-8.3316e-05,-0.00020154,-0.0001659,-0.00020161,-0.00026234
-0.00067861,-0.00091757,-0.00066805,-0.00064223,-0.00057039,-0.00027589,-0.00080569,-0.0001955,-0.00021509,-0.00019105,-8.2217e-05,-0.00020746,-0.00017969,-0.00020637,-0.0002439
-0.00068905,-0.0008876,-0.00068612,-0.00063271,-0.00062636,-0.00028889,-0.0008215,-0.00020136,-0.00023115,-0.00021216,-8.3132e-05,-0.0002168,-0.00019599,-0.00021863,-0.00022602
-0.0006971,-0.0008685,-0.00070473,-0.00062368,-0.0006689,-0.00030378,-0.00082986,-0.000206,-0.00024067,-0.0002212,-8.6245e-05,-0.00022211,-0.00020441,-0.00022926,-0.00021259
-0.00069716,-0.00085989,-0.0007286,-0.00062752,-0.00068239,-0.00031715,-0.00079916,-0.00021113,-0.00023927,-0.00022846,-8.6673e-05,-0.0002226,-0.00020478,-0.00022645,-0.00020203
-0.00070498,-0.00086398,-0.00075008,-0.00065535,-0.00069259,-0.00032594,-0.0007253,-0.00022236,-0.00024195,-0.00023139,-8.9846e-05,-0.00022962,-0.00020319,-0.00021924,-0.00019349
-0.00073544,-0.00087741,-0.00076888,-0.00070193,-0.000704,-0.00032545,-0.00062593,-0.0002353,-0.00025153,-0.00024036,-9.7293e-05,-0.00024104,-0.00020484,-0.00021955,-0.00018781
-0.00077664,-0.0008956,-0.00079049,-0.00076064,-0.00071871,-0.00031391,-0.0005237,-0.00024482,-0.00025867,-0.00025355,-0.00010248,-0.00024207,-0.0002096,-0.00022706,-0.0001836
-0.00081729,-0.0009299,-0.00082199,-0.00081283,-0.00074575,-0.00031062,-0.00048042,-0.00025007,-0.00025904,-0.00025178,-0.00010224,-0.00022919,-0.00021339,-0.00023041,-0.00017078
-0.00084823,-0.0009733,-0.00085458,-0.00083236,-0.00077645,-0.00032923,-0.0005212,-0.00026154,-0.00026527,-0.00024317,-0.00010376,-0.00022279,-0.00021711,-0.00023444,-0.00015802
-0.00087301,-0.00098288,-0.00087106,-0.00081899,-0.00080294,-0.00035566,-0.00059761,-0.00027436,-0.00027973,-0.00024635,-0.00011335,-0.00022718,-0.00022553,-0.0002378,-0.00016144
-0.00089999,-0.00096194,-0.00086959,-0.00080349,-0.00080441,-0.00037727,-0.00065822,-0.00028022,-0.00028816,-0.00026295,-0.00012592,-0.00023542,-0.00023377,-0.00023951,-0.00017945
-0.00092056,-0.0009595,-0.00085904,-0.00080056,-0.00079568,-0.0003954,-0.00066854,-0.00028114,-0.00028425,-0.00027345,-0.00013233,-0.00024262,-0.00024189,-0.00024744,-0.00019593
-0.00092459,-0.0009783,-0.00085073,-0.00080001,-0.0008113,-0.0004134,-0.00064827,-0.00028413,-0.00028065,-0.00026856,-0.0001305,-0.00023878,-0.0002508,-0.00024885,-0.00020386
-0.00092904,-0.00099924,-0.00086026,-0.00081594,-0.0008544,-0.00042964,-0.00065059,-0.00028803,-0.00027674,-0.00024293,-0.00012427,-0.00022547,-0.00025556,-0.00023878,-0.00020447
-0.00094101,-0.00101,-0.00088406,-0.00084103,-0.00087686,-0.00043544,-0.00067714,-0.00029139,-0.00026795,-0.00021015,-0.00011737,-0.00021595,-0.00025739,-0.00023109,-0.00020826
-0.00093252,-0.0010161,-0.00089712,-0.00085696,-0.00086264,-0.00043446,-0.00071145,-0.00028919,-0.00025782,-0.00019013,-0.0001092,-0.0002085,-0.00025568,-0.00023066,-0.00022144
-0.00091079,-0.001015,-0.00088986,-0.0008768,-0.00084304,-0.00043831,-0.00076778,-0.00028919,-0.00025288,-0.00018787,-0.00010364,-0.00019764,-0.00024995,-0.00023621,-0.00023719
-0.0009299,-0.0010147,-0.00088583,-0.00091067,-0.00085549,-0.00044478,-0.00084384,-0.00030049,-0.00025556,-0.00018567,-0.00010211,-0.00018195,-0.0002425,-0.00023896,-0.00024189
-0.00097946,-0.0010383,-0.00090683,-0.00091317,-0.00086544,-0.00045466,-0.00087594,-0.00031306,-0.00026234,-0.00017096,-9.9918e-05,-0.00016712,-0.00023615,-0.00023249,-0.00023359
-0.00098526,-0.0010777,-0.00092673,-0.00086959,-0.00085385,-0.00046236,-0.00089059,-0.00032044,-0.0002624,-0.00014826,-9.4607e-05,-0.00015931,-0.00023255,-0.00022456,-0.00022065
-0.00090927,-0.0010675,-0.00090957,-0.00078408,-0.00082473,-0.00043556,-0.00093558,-0.00032099,-0.00025343,-0.00013337,-8.8809e-05,-0.00016608,-0.00023273,-0.00021827,-0.00020411
-0.0007861,-0.00098038,-0.00084439,-0.00066793,-0.00075448,-0.00035902,-0.0010048,-0.00030873,-0.00023896,-0.00012329,-7.9653e-05,-0.00017298,-0.00022675,-0.00020948,-0.00017341
-0.00065615,-0.00084567,-0.00074819,-0.00056301,-0.00064498,-0.00025129,-0.0010733,-0.00028401,-0.000219,-0.00010645,-6.415e-05,-0.00016523,-0.0002049,-0.00019349,-0.00013807
-0.00055574,-0.00073153,-0.00065395,-0.00049886,-0.00054024,-0.00015784,-0.0011298,-0.00025617,-0.00019959,-7.9043e-05,-4.4923e-05,-0.00014258,-0.00017475,-0.00017707,-0.00012183
-0.00050941,-0.00068459,-0.00057949,-0.00046461,-0.00047511,-0.00010968,-0.0011605,-0.00023243,-0.00018403,-4.5473e-05,-2.8016e-05,-0.00011432,-0.00014704,-0.00017017,-0.00014136
-0.00048878,-0.00070888,-0.00051552,-0.0004322,-0.00044673,-8.5147e-05,-0.0011831,-0.00020881,-0.00016559,-2.5025e-05,-1.3489e-05,-8.6917e-05,-0.0001203,-0.00017158,-0.00017328
-0.00046254,-0.00076608,-0.00046175,-0.00039698,-0.00042659,-4.9989e-05,-0.0012065,-0.00018561,-0.00014844,-2.5513e-05,-3.235e-06,-7.0925e-05,-9.7415e-05,-0.0001684,-0.0001952
-0.00045131,-0.00086508,-0.00044868,-0.00039528,-0.00040455,-1.9959e-05,-0.0011983,-0.00016669,-0.00013819,-2.6734e-05,1.3428e-06,-6.7446e-05,-7.9165e-05,-0.00016541,-0.00020392
-0.00046675,-0.00099472,-0.00048054,-0.00046889,-0.00039094,-1.4405e-05,-0.0011592,-0.00015076,-0.00013666,-2.3499e-05,4.883e-06,-6.8056e-05,-6.7873e-05,-0.00016883,-0.00021039
-0.00048189,-0.0010772,-0.00051711,-0.00058742,-0.00040034,-1.3672e-05,-0.0010988,-0.00013752,-0.00013538,-1.8433e-05,1.1963e-05,-6.3784e-05,-6.4638e-05,-0.00017121,-0.00021461
-0.00050783,-0.001085,-0.00054299,-0.00069204,-0.00042598,-1.1597e-05,-0.0010378,-0.00012879,-0.00012958,-1.4405e-05,9.2776e-06,-5.3102e-05,-6.7202e-05,-0.00016913,-0.00022156
-0.0005663,-0.0010773,-0.00056856,-0.00076583,-0.00044716,-2.2095e-05,-0.001019,-0.00012922,-0.00012427,-2.0997e-05,-5.1881e-06,-5.5605e-05,-6.9643e-05,-0.0001728,-0.00023255
-0.00062123,-0.0010754,-0.00058431,-0.00080496,-0.00045723,-4.0101e-05,-0.0010088,-0.00013807,-0.00012134,-3.3265e-05,-1.7335e-05,-7.062e-05,-7.3489e-05,-0.00018299,-0.00024073
-0.00063674,-0.0010622,-0.00059157,-0.00080239,-0.00047291,-5.6764e-05,-0.00094784,-0.00014808,-0.00011921,-4.12e-05,-2.5513e-05,-7.831e-05,-8.2156e-05,-0.00018409,-0.00023408
-0.00063076,-0.0010656,-0.00061586,-0.00078072,-0.00050246,-7.1352e-05,-0.00086508,-0.000154,-0.00011139,-5.1881e-05,-4.0162e-05,-7.8799e-05,-8.8565e-05,-0.00017347,-0.00021595
-0.00065127,-0.0011168,-0.00064504,-0.0007665,-0.00053426,-8.2522e-05,-0.00082376,-0.00015564,-9.9979e-05,-7.2329e-05,-5.8657e-05,-7.7029e-05,-8.7405e-05,-0.00015796,-0.00019623
-0.00068349,-0.0011586,-0.00062642,-0.00075729,-0.00055879,-7.9104e-05,-0.00081619,-0.00015821,-9.2349e-05,-8.7954e-05,-6.4455e-05,-7.6357e-05,-8.3071e-05,-0.00014234,-0.0001775
-0.00069961,-0.001146,-0.00059059,-0.00074123,-0.00057039,-6.1708e-05,-0.00079891,-0.00015729,-8.0142e-05,-7.9775e-05,-5.6215e-05,-7.593e-05,-7.8921e-05,-0.00012171,-0.00015461
-0.00069051,-0.0010937,-0.00064583,-0.00072103,-0.00056435,-3.2838e-05,-0.00079409,-0.00014869,-6.1098e-05,-5.2614e-05,-4.4191e-05,-6.5981e-05,-7.0254e-05,-9.7781e-05,-0.00012189
-0.00068978,-0.0010645,-0.00070754,-0.00072005,-0.00055257,-1.062e-05,-0.00083358,-0.00013392,-3.8331e-05,-1.7945e-05,-3.3509e-05,-3.4059e-05,-5.3957e-05,-7.9104e-05,-8.5086e-05
-0.00071938,-0.0011006,-0.00069759,-0.00074685,-0.00053798,6.0427e-06,-0.00087497,-0.0001203,-2.1668e-05,8.9114e-06,-2.6185e-05,-2.4415e-07,-4.1932e-05,-6.9033e-05,-7.4709e-05
-0.00073,-0.0011756,-0.00067226,-0.00077621,-0.00052297,1.5137e-05,-0.0008862,-0.00011597,-2.0386e-05,1.9166e-05,-2.3743e-05,1.6358e-05,-4.0834e-05,-6.3784e-05,-9.0335e-05
-0.00071364,-0.0012091,-0.00068136,-0.00077224,-0.00050624,6.3479e-06,-0.00086337,-0.00011914,-2.8748e-05,2.4781e-05,-2.4842e-05,1.7457e-05,-4.7914e-05,-6.1525e-05,-9.9612e-05
-0.00072591,-0.0012047,-0.0007159,-0.00075594,-0.00052528,-2.1973e-05,-0.00086715,-0.00012879,-3.8759e-05,3.3143e-05,-2.6063e-05,1.5503e-05,-5.6032e-05,-5.6276e-05,-9.2837e-05
-0.00076821,-0.0011778,-0.00074459,-0.00074642,-0.00055208,-4.2421e-05,-0.00091226,-0.00013843,-4.7182e-05,2.649e-05,-2.3438e-05,1.4527e-05,-6.476e-05,-4.59e-05,-7.9653e-05
-0.00075539,-0.0011372,-0.0007402,-0.00073391,-0.00053951,-3.4669e-05,-0.00096548,-0.00013715,-4.3275e-05,1.5809e-05,-1.4344e-05,1.8433e-05,-7.1169e-05,-3.5279e-05,-5.7497e-05
-0.00072958,-0.0011173,-0.0007261,-0.00072243,-0.000511,-2.3865e-05,-0.00099246,-0.00012738,-3.4669e-05,2.2584e-05,-1.0376e-06,2.3988e-05,-7.3122e-05,-2.9847e-05,-4.4008e-05
-0.00074441,-0.0011389,-0.00074483,-0.00072799,-0.00050325,-2.6002e-05,-0.00095694,-0.00011658,-3.2533e-05,4.236e-05,1.2879e-05,2.6185e-05,-7.0498e-05,-3.5951e-05,-4.9928e-05
-0.00076778,-0.0011642,-0.00078219,-0.00074081,-0.00051527,-3.9796e-05,-0.00084457,-0.00011005,-3.8942e-05,6.5554e-05,1.7151e-05,2.3255e-05,-6.6652e-05,-6.4028e-05,-7.355e-05
-0.00076949,-0.0011695,-0.00080929,-0.00075014,-0.00055373,-7.3e-05,-0.00071004,-0.0001153,-5.121e-05,8.3132e-05,6.1037e-06,1.3184e-05,-7.4648e-05,-9.9368e-05,-0.00010743
-0.00077499,-0.0011543,-0.00080074,-0.00075057,-0.00058663,-0.00010773,-0.00058303,-0.00012635,-6.7812e-05,8.124e-05,-1.4039e-05,7.9348e-07,-9.003e-05,-0.00012622,-0.00013587
-0.00079177,-0.0011554,-0.00076534,-0.00074728,-0.00059139,-0.00013007,-0.00044368,-0.00013837,-8.9724e-05,3.9064e-05,-2.9725e-05,-1.2329e-05,-0.00010468,-0.00014069,-0.00015174
-0.00082931,-0.0011594,-0.00073275,-0.00074978,-0.00059774,-0.00014429,-0.0002732,-0.00015113,-0.00011505,-4.6693e-05,-3.9674e-05,-4.2177e-05,-0.00011695,-0.00014856,-0.00015943
-0.00087844,-0.0011369,-0.00073177,-0.00076742,-0.00062996,-0.00016163,-0.00010523,-0.00016321,-0.00014643,-0.00015802,-4.9623e-05,-0.00011371,-0.00012989,-0.00015601,-0.00016108
-0.00090213,-0.001076,-0.00076058,-0.00078262,-0.00065481,-0.00017219,7.1902e-05,-0.00017029,-0.00018775,-0.00025501,-6.2075e-05,-0.00021119,-0.00014435,-0.00017475,-0.00015436
-0.00088009,-0.0010465,-0.00078616,-0.00077285,-0.00065517,-0.00017237,0.00028968,-0.00017328,-0.00022187,-0.00030317,-7.0986e-05,-0.00027515,-0.00015271,-0.00020057,-0.00014185
-0.00084066,-0.0011074,-0.00079348,-0.00075387,-0.00066506,-0.00017963,0.00054976,-0.00017853,-0.00023511,-0.00030042,-7.3855e-05,-0.00028455,-0.00015973,-0.00022523,-0.00012452
-0.00083609,-0.001208,-0.00080544,-0.0007687,-0.00070553,-0.0002093,0.00079568,-0.0001905,-0.00023597,-0.00027229,-8.063e-05,-0.00026148,-0.0001745,-0.00024262,-0.00011042
-0.00085537,-0.0012485,-0.00081771,-0.0007911,-0.00074142,-0.0002458,0.001009,-0.00020978,-0.00023658,-0.00024537,-9.2349e-05,-0.0002331,-0.00019221,-0.0002494,-0.00011725
-0.00087063,-0.0012264,-0.0008251,-0.00080911,-0.00078005,-0.00028913,0.0012166,-0.00023121,-0.0002436,-0.00022828,-0.00010077,-0.000214,-0.00020319,-0.00024897,-0.00012732
-0.00088437,-0.0011991,-0.0008403,-0.00081979,-0.00082962,-0.00035078,0.0014214,-0.00024989,-0.0002533,-0.00021863,-0.00010211,-0.00020783,-0.00021735,-0.00025416,-0.00012329
-0.00090927,-0.0011842,-0.00088162,-0.00083547,-0.00089541,-0.00042738,0.0015783,-0.0002616,-0.00025391,-0.00020038,-9.4607e-05,-0.0001991,-0.00024201,-0.00025929,-0.00011213
-0.00091714,-0.0011571,-0.00093161,-0.00083254,-0.00094504,-0.00049391,0.0016821,-0.00026911,-0.00023951,-0.00017359,-8.1423e-05,-0.00018183,-0.00026044,-0.00025538,-0.00011487
-0.00090255,-0.0011202,-0.00096188,-0.00080898,-0.00096597,-0.00054439,0.0017212,-0.0002765,-0.00023927,-0.00019446,-7.416e-05,-0.00018433,-0.00026612,-0.00026154,-0.00014197
-0.00089474,-0.0010669,-0.00097897,-0.0008157,-0.00097879,-0.00057454,0.0017277,-0.00029011,-0.00027662,-0.00026441,-8.5208e-05,-0.00022047,-0.00027284,-0.0002848,-0.00017951
-0.00089889,-0.0010169,-0.0010012,-0.00086819,-0.0010027,-0.00058724,0.0017363,-0.00030586,-0.00032722,-0.00031434,-0.0001034,-0.00026728,-0.00028858,-0.0003086,-0.00020795
-0.0009031,-0.00099478,-0.0010227,-0.00092569,-0.0010254,-0.00059993,0.0017351,-0.00031416,-0.00035054,-0.00031166,-0.00011817,-0.00028913,-0.0003061,-0.00031959,-0.00021381
-0.0009285,-0.0010005,-0.0010431,-0.00094375,-0.0010501,-0.00062362,0.0016832,-0.00031764,-0.00034516,-0.00027699,-0.00012384,-0.00028516,-0.00031446,-0.00031214,-0.00020472
-0.00094833,-0.00099435,-0.0010457,-0.00089547,-0.0010544,-0.00063356,0.0016116,-0.00031922,-0.00033259,-0.00023347,-0.00011988,-0.00026466,-0.00030738,-0.00029939,-0.00019489
-0.00091653,-0.00097385,-0.0010178,-0.00084658,-0.0010362,-0.00062825,0.0015805,-0.00031434,-0.0003238,-0.00020624,-0.00011194,-0.00023963,-0.0002956,-0.00030787,-0.00018952
-0.00085665,-0.00096707,-0.00098343,-0.00088601,-0.0010251,-0.00062392,0.0015768,-0.00030183,-0.00031898,-0.00019489,-0.00010736,-0.00021247,-0.00028303,-0.00032618,-0.00018281
-0.00084072,-0.00099234,-0.00096146,-0.00087356,-0.0010305,-0.00061037,0.0015571,-0.00029133,-0.00031581,-0.00018122,-0.00011023,-0.00018506,-0.00026966,-0.00032655,-0.00016987
-0.00086355,-0.0010318,-0.00093142,-0.00082968,-0.0010263,-0.00057326,0.00153,-0.00028639,-0.0003155,-0.00015833,-0.00011145,-0.0001612,-0.0002602,-0.0003094,-0.00016425
-0.00087411,-0.0010531,-0.00086996,-0.00077548,-0.00098129,-0.00052895,0.0015129,-0.00028248,-0.00030403,-0.00014667,-0.00010694,-0.0001543,-0.00025623,-0.00029615,-0.00017676
-0.00085141,-0.0010398,-0.00082174,-0.00072274,-0.00092294,-0.00051076,0.0014977,-0.0002787,-0.00028675,-0.00016852,-0.00010315,-0.00017219,-0.00025166,-0.00029701,-0.00019617
-0.00083889,-0.0010219,-0.00087619,-0.00070284,-0.00090561,-0.00051918,0.0014926,-0.00027351,-0.00028736,-0.00020496,-0.00010321,-0.00020655,-0.00024592,-0.00030274,-0.00019678
-0.00082119,-0.00098099,-0.00097122,-0.00070931,-0.00090506,-0.00053298,0.00152,-0.00027808,-0.00032423,-0.00023304,-0.00011469,-0.00024653,-0.00025349,-0.00031318,-0.00018329
-0.00077291,-0.00091971,-0.00099924,-0.00071462,-0.00088278,-0.0005436,0.0015339,-0.00029975,-0.00037654,-0.00024885,-0.00013733,-0.0002823,-0.00026997,-0.0003227,-0.00016968
-0.00071737,-0.00091177,-0.00098782,-0.00072469,-0.00085501,-0.00053517,0.0015368,-0.00032759,-0.00040089,-0.00025013,-0.00015339,-0.00030006,-0.00028144,-0.00031623,-0.00014447
-0.00070827,-0.00097433,-0.00098819,-0.00073721,-0.0008627,-0.00051021,0.0016048,-0.00033961,-0.00038514,-0.00022919,-0.00015217,-0.00029023,-0.00028523,-0.00028797,-0.00010602
-0.00072555,-0.0010202,-0.00097971,-0.00071102,-0.00086325,-0.00047591,0.0017446,-0.00033119,-0.00035047,-0.0001944,-0.00013813,-0.00026228,-0.00028205,-0.00025318,-8.7588e-05
-0.00072304,-0.0010229,-0.00094717,-0.0006509,-0.00083328,-0.00043678,0.0018857,-0.00031758,-0.0003144,-0.00015882,-0.00012244,-0.00022944,-0.00027009,-0.0002375,-9.9124e-05
-0.00067727,-0.00098648,-0.00089529,-0.00059285,-0.00078524,-0.00039644,0.002,-0.00030842,-0.00028718,-0.00013361,-0.00011219,-0.00020136,-0.00025233,-0.00024177,-0.00011072
-0.0006086,-0.00091733,-0.00082376,-0.00054726,-0.00073959,-0.00035597,0.002,-0.0002909,-0.00027674,-0.00012622,-0.00010834,-0.00018287,-0.00022999,-0.00024958,-0.00010602
-0.00054903,-0.00084103,-0.00074856,-0.00049782,-0.00068941,-0.00032563,0.002,-0.00026569,-0.00026637,-0.00012232,-0.00010797,-0.00016987,-0.00020612,-0.0002483,-8.6428e-05
-0.00049684,-0.00076919,-0.00068813,-0.00044923,-0.0006484,-0.00030909,0.002,-0.0002378,-0.00024232,-0.00010987,-0.00010303,-0.00015748,-0.00018018,-0.00022742,-5.7436e-05
-0.00045149,-0.00070791,-0.00064669,-0.00043727,-0.00062734,-0.00030909,0.002,-0.00021552,-0.00021632,-0.00011042,-9.6011e-05,-0.00015058,-0.00015595,-0.00020618,-3.7721e-05
-0.00042793,-0.00067727,-0.00061763,-0.00047371,-0.00063338,-0.00032649,0.002,-0.00020594,-0.00019782,-0.00013605,-9.2471e-05,-0.00015253,-0.00013617,-0.00019385,-3.5463e-05
-0.00047768,-0.00069076,-0.0006216,-0.00053645,-0.00065316,-0.00035633,0.002,-0.00020527,-0.00019282,-0.00016327,-9.2837e-05,-0.00015473,-0.00012745,-0.00019343,-4.7975e-05
-0.0005486,-0.00072304,-0.00064797,-0.00059462,-0.00069729,-0.00039583,0.002,-0.00019904,-0.00020209,-0.00017408,-8.9358e-05,-0.00015058,-0.00012873,-0.00020594,-6.8056e-05
-0.00056368,-0.00072311,-0.00065859,-0.00061269,-0.00073489,-0.00043928,0.002,-0.00018714,-0.00021821,-0.00016797,-8.4292e-05,-0.00014753,-0.00013666,-0.00022437,-8.5513e-05
-0.00053078,-0.00068551,-0.00064235,-0.00058931,-0.00073666,-0.00046352,0.002,-0.00017353,-0.00022852,-0.00015278,-7.6113e-05,-0.0001363,-0.00013782,-0.00022669,-8.5086e-05
-0.00050984,-0.00067495,-0.00063973,-0.00057277,-0.00073898,-0.00046724,0.002,-0.0001662,-0.00022687,-0.00014838,-6.4211e-05,-0.00012738,-0.00013324,-0.00021393,-7.239e-05
-0.00053383,-0.00068453,-0.00065731,-0.00058882,-0.00076388,-0.00046864,0.002,-0.00016926,-0.00021308,-0.0001551,-5.6948e-05,-0.00013215,-0.00013782,-0.00019672,-6.8239e-05
-0.00057039,-0.00066469,-0.00066732,-0.00059658,-0.00077944,-0.00047078,0.0019666,-0.00017695,-0.00019544,-0.00016529,-6.2014e-05,-0.00014374,-0.00014881,-0.00018555,-7.5991e-05
-0.00058211,-0.00061293,-0.00066958,-0.00057784,-0.00077346,-0.00047505,0.0018106,-0.00017817,-0.000185,-0.00016907,-7.0681e-05,-0.00014856,-0.00015699,-0.00017682,-7.6601e-05
-0.00058083,-0.00057552,-0.00068215,-0.00055165,-0.00077102,-0.00048726,0.0016355,-0.00016944,-0.00018018,-0.00016767,-7.0803e-05,-0.00014472,-0.00016102,-0.00016242,-6.6347e-05
-0.00058211,-0.00058663,-0.00069564,-0.0005378,-0.00077059,-0.0005071,0.0015122,-0.00016059,-0.00018024,-0.00015735,-6.5737e-05,-0.00014087,-0.00016218,-0.00015003,-6.2319e-05
-0.00057424,-0.00059291,-0.00071004,-0.00053798,-0.00077548,-0.00053304,0.0014331,-0.00017023,-0.00018824,-0.00014228,-6.5798e-05,-0.000141,-0.00017188,-0.00015998,-7.9104e-05
-0.00056673,-0.00055977,-0.0007347,-0.00055025,-0.00079873,-0.00057344,0.0013447,-0.00019105,-0.00019501,-0.00013453,-6.5493e-05,-0.000146,-0.00018928,-0.00017914,-0.00010016
-0.00056783,-0.0005464,-0.00076028,-0.00055831,-0.00082748,-0.00061678,0.0012347,-0.00020563,-0.00020008,-0.00013556,-6.354e-05,-0.00015406,-0.00020118,-0.00018586,-0.00010694
-0.0005688,-0.00060274,-0.00077639,-0.00055293,-0.00084494,-0.00064199,0.0011119,-0.00021186,-0.00020167,-0.00013685,-6.4028e-05,-0.00015589,-0.00019922,-0.00018293,-0.00010071
-0.00055916,-0.000623,-0.00078433,-0.00053615,-0.00084646,-0.00065157,0.00098361,-0.0002223,-0.00020447,-0.00014087,-7.2207e-05,-0.00015955,-0.00019562,-0.00018073,-8.8992e-05
-0.00053218,-0.00058492,-0.00079543,-0.00051064,-0.0008262,-0.0006617,0.00086666,-0.0002317,-0.00020289,-0.0001424,-8.1668e-05,-0.00016358,-0.00019532,-0.00017762,-8.3132e-05
-0.00050044,-0.0005508,-0.00079983,-0.00047548,-0.00080068,-0.0006559,0.00076284,-0.00022425,-0.00019684,-0.00012983,-8.6673e-05,-0.00015381,-0.00019233,-0.00016675,-7.8005e-05
-0.00049873,-0.00054927,-0.00079781,-0.00046614,-0.00078982,-0.00062154,0.00068032,-0.00020545,-0.00019208,-9.5828e-05,-8.4231e-05,-0.00013312,-0.00018256,-0.0001485,-6.8423e-05
-0.00052553,-0.00057295,-0.0008027,-0.0005193,-0.00077505,-0.00057204,0.00062099,-0.00019367,-0.00018506,-4.7426e-05,-7.3183e-05,-0.00010327,-0.0001698,-0.00012708,-5.6703e-05
-0.0005497,-0.00060176,-0.00080587,-0.00057497,-0.00076858,-0.00053383,0.00054329,-0.00019178,-0.00016889,-7.5076e-06,-5.9328e-05,-6.1464e-05,-0.000159,-0.00010511,-4.2116e-05
-0.0005428,-0.00059749,-0.00078207,-0.00057985,-0.00076431,-0.0005132,0.00043464,-0.00019263,-0.00014899,1.2513e-05,-4.7731e-05,-2.5636e-05,-0.00014978,-8.4109e-05,-2.8748e-05
-0.00051308,-0.00056807,-0.00073324,-0.00053725,-0.00074581,-0.00050624,0.00030592,-0.00019361,-0.00013453,1.8067e-05,-3.8636e-05,-5.9816e-06,-0.00014161,-7.0559e-05,-2.0142e-05
-0.00047847,-0.00053871,-0.0006921,-0.00047615,-0.00073031,-0.00051057,0.00016218,-0.00019697,-0.00012232,2.3316e-05,-2.9969e-05,1.117e-05,-0.0001355,-6.1953e-05,-1.2452e-05
-0.00045643,-0.00051119,-0.00067824,-0.00042042,-0.00073635,-0.00053035,2.1668e-05,-0.00019971,-0.00010981,3.4852e-05,-1.7884e-05,3.4425e-05,-0.00012732,-4.8463e-05,2.7467e-06
-0.00043257,-0.00047707,-0.00066579,-0.00040858,-0.0007474,-0.00055336,-0.00011023,-0.00020258,-0.00010889,5.2187e-05,-8.1179e-06,4.5656e-05,-0.00012458,-4.0223e-05,1.4832e-05
-0.00039485,-0.00043941,-0.00065169,-0.00041859,-0.00075192,-0.00056716,-0.00024763,-0.00020746,-0.00011243,6.5737e-05,-8.6673e-06,4.1444e-05,-0.00012738,-4.7914e-05,1.7701e-05
-0.00036317,-0.00040394,-0.00064016,-0.00040852,-0.00074239,-0.00056307,-0.00038307,-0.00020948,-0.00010669,7.6662e-05,-1.0132e-05,3.3937e-05,-0.00012604,-5.4628e-05,2.1668e-05
-0.00035713,-0.00040321,-0.00062716,-0.0003838,-0.0007322,-0.00054152,-0.00051656,-0.00020454,-9.3936e-05,8.8992e-05,-6.9582e-06,3.0946e-05,-0.00011481,-5.2858e-05,2.8687e-05
-0.00035304,-0.00045869,-0.00060799,-0.00037367,-0.00072231,-0.00051125,-0.00064943,-0.00019544,-8.3499e-05,9.2593e-05,-6.2868e-06,2.2156e-05,-0.00010132,-5.298e-05,3.0641e-05
-0.00032765,-0.00048109,-0.00058089,-0.00036598,-0.00069649,-0.00047945,-0.00073434,-0.00018207,-8.0203e-05,8.9236e-05,-6.7141e-06,1.4344e-05,-9.1128e-05,-5.768e-05,3.1251e-05
-0.00028486,-0.00043507,-0.00054164,-0.00033387,-0.00064705,-0.00044227,-0.00077529,-0.00016828,-7.6418e-05,9.357e-05,-4.3947e-06,1.4893e-05,-8.301e-05,-6.5188e-05,3.1434e-05
-0.00024476,-0.00035731,-0.00050148,-0.00028956,-0.00059755,-0.00041664,-0.00083193,-0.00015882,-6.653e-05,0.00011292,-1.4039e-06,2.1546e-05,-7.355e-05,-6.592e-05,2.3682e-05
-0.00019733,-0.00026429,-0.0004604,-0.00023933,-0.00053859,-0.00040455,-0.00085556,-0.00015351,-5.6398e-05,0.00012268,2.0142e-06,2.234e-05,-6.6652e-05,-5.9694e-05,1.2268e-05
-0.00014777,-0.00020136,-0.00041945,-0.00020515,-0.00047493,-0.00039302,-0.00079897,-0.00014808,-5.8779e-05,0.00011536,8.0569e-06,1.8372e-05,-6.4943e-05,-5.8901e-05,3.7233e-06
-0.00012421,-0.00023859,-0.0003954,-0.00021363,-0.00045204,-0.00037611,-0.00072884,-0.0001449,-7.0132e-05,0.00010773,9.5828e-06,1.6419e-05,-6.7446e-05,-6.653e-05,9.1556e-07
-0.00014692,-0.0003321,-0.0003899,-0.00024714,-0.0004601,-0.0003448,-0.00067794,-0.00014716,-8.0386e-05,0.00010791,5.3102e-06,1.9044e-05,-7.2817e-05,-7.8677e-05,9.7659e-07
-0.0002132,-0.00041816,-0.00039113,-0.00027668,-0.00046358,-0.0003177,-0.00064138,-0.00015015,-8.655e-05,0.00010578,4.0895e-06,2.8382e-05,-7.5381e-05,-8.826e-05,-2.4415e-06
-0.00028004,-0.00048958,-0.00040901,-0.00031312,-0.00046516,-0.00032087,-0.0006108,-0.00014191,-8.1606e-05,0.00010309,8.1179e-06,4.413e-05,-6.6713e-05,-8.4719e-05,-1.1292e-05
-0.00031733,-0.00054097,-0.00042805,-0.00035597,-0.00047157,-0.00033668,-0.00054848,-0.00012348,-6.7934e-05,0.0001084,1.2757e-05,5.1454e-05,-4.8158e-05,-6.8178e-05,-2.3927e-05
-0.0003578,-0.00057356,-0.00044008,-0.00041328,-0.00048103,-0.00035536,-0.00045747,-0.0001092,-5.6703e-05,0.00011725,1.6236e-05,4.5289e-05,-3.4486e-05,-4.6327e-05,-3.9552e-05
-0.00041554,-0.00060012,-0.00045558,-0.00048903,-0.00050472,-0.00036915,-0.00035786,-0.00010724,-4.8708e-05,0.0001258,1.8921e-05,3.7782e-05,-3.0335e-05,-3.2167e-05,-4.9867e-05
-0.00046211,-0.00060909,-0.00047761,-0.00055104,-0.0005497,-0.00037117,-0.00027967,-0.00010712,-4.004e-05,0.00013666,1.8983e-05,3.7538e-05,-3.0091e-05,-3.1129e-05,-5.005e-05
-0.00046211,-0.00058943,-0.00048677,-0.00056307,-0.00058852,-0.00036616,-0.00025355,-0.00010755,-4.5595e-05,0.00013843,1.709e-05,3.4242e-05,-3.4791e-05,-4.0101e-05,-4.6144e-05
-0.00043269,-0.00057759,-0.00050258,-0.00053816,-0.00061263,-0.00037056,-0.00029597,-0.00011469,-6.9582e-05,0.00013227,1.8983e-05,2.3316e-05,-4.2787e-05,-4.8036e-05,-4.3947e-05
-0.00042561,-0.00058516,-0.00054946,-0.0005157,-0.0006426,-0.00039338,-0.00037788,-0.0001344,-9.6438e-05,0.00010932,1.7762e-05,8.6062e-06,-5.8229e-05,-5.3224e-05,-5.1515e-05
-0.00045039,-0.00057717,-0.0006053,-0.00052022,-0.00069564,-0.00042482,-0.00047505,-0.00015546,-0.00010797,7.0437e-05,5.3102e-06,-5.1271e-06,-7.6907e-05,-6.3784e-05,-6.2075e-05
-0.00046901,-0.00054793,-0.00065053,-0.00054567,-0.00074447,-0.00044923,-0.00056154,-0.00017145,-0.00010883,3.0335e-05,-1.3916e-05,-1.2085e-05,-9.6072e-05,-8.4414e-05,-6.6042e-05
-0.00047761,-0.0005475,-0.00068923,-0.00056844,-0.00076803,-0.0004695,-0.00064565,-0.00018281,-0.00011042,2.9298e-06,-2.4293e-05,-1.5259e-05,-0.00011396,-9.8148e-05,-6.9948e-05
-0.00048469,-0.00058657,-0.00071078,-0.00058956,-0.00076998,-0.00049116,-0.0007131,-0.00019257,-0.00011219,-2.9298e-06,-2.1607e-05,-1.6358e-05,-0.00012732,-9.9307e-05,-7.062e-05
-0.00051259,-0.00063247,-0.00072195,-0.00062545,-0.00077218,-0.00050557,-0.00075179,-0.00019666,-0.00010871,5.6764e-06,-1.3977e-05,-1.7029e-05,-0.00013404,-9.4058e-05,-6.1586e-05
-0.00052303,-0.00063753,-0.00071725,-0.0006523,-0.00078256,-0.00049239,-0.00078982,-0.00020118,-0.00010596,1.1902e-05,-9.3997e-06,-2.2401e-05,-0.00013593,-9.2471e-05,-4.6571e-05
-0.00049464,-0.00060384,-0.00070217,-0.00065798,-0.00079025,-0.00046431,-0.00087191,-0.00021479,-0.00011084,1.0315e-05,-9.3387e-06,-3.6317e-05,-0.00013562,-0.00010468,-4.1871e-05
-0.00043086,-0.00055922,-0.00068435,-0.00064388,-0.00077731,-0.00044258,-0.00097354,-0.00022919,-0.00011994,6.531e-06,-1.0743e-05,-4.5717e-05,-0.00013825,-0.00012232,-4.3336e-05
-0.00038508,-0.00052882,-0.00066915,-0.00062532,-0.0007452,-0.00043226,-0.0010498,-0.00023316,-0.00012909,4.0895e-06,-1.178e-05,-5.182e-05,-0.00013965,-0.00013288,-4.0468e-05
-0.00040211,-0.00052828,-0.0006567,-0.00064785,-0.0007275,-0.00042964,-0.0010791,-0.00023493,-0.00013862,-1.8921e-06,-1.8189e-05,-6.3112e-05,-0.00014136,-0.00013691,-4.1017e-05
-0.00049184,-0.00055367,-0.00065798,-0.00073208,-0.00074337,-0.00044301,-0.001095,-0.0002425,-0.00014551,-1.5687e-05,-2.71e-05,-7.2634e-05,-0.00014301,-0.00013709,-4.944e-05
-0.00057094,-0.00059548,-0.00067177,-0.00081411,-0.00076901,-0.00045161,-0.0011285,-0.00024751,-0.00014875,-2.7284e-05,-3.0946e-05,-7.6968e-05,-0.00013746,-0.00013208,-5.7863e-05
-0.00062246,-0.00064931,-0.00068465,-0.00084817,-0.00077499,-0.00044984,-0.0011852,-0.00023688,-0.00014295,-2.3072e-05,-2.8871e-05,-7.2329e-05,-0.00012195,-0.00011847,-6.0366e-05
-0.00066066,-0.00070559,-0.00069784,-0.00084225,-0.00076785,-0.00045973,-0.0012574,-0.0002201,-0.00013245,-7.3855e-06,-2.6612e-05,-6.2075e-05,-0.00010913,-0.00011267,-6.1098e-05
-0.00069692,-0.00075192,-0.00072176,-0.00085043,-0.00077645,-0.00049159,-0.0013557,-0.00020746,-0.00012519,5.7985e-06,-2.8932e-05,-5.2919e-05,-0.00010138,-0.00011823,-5.9633e-05
-0.00073141,-0.00078744,-0.00074795,-0.00088748,-0.00079965,-0.00052767,-0.0014564,-0.00020374,-0.00012201,7.2024e-06,-3.3021e-05,-5.3835e-05,-9.7659e-05,-0.00012897,-5.7375e-05
-0.00074703,-0.0008041,-0.00077267,-0.00090713,-0.00083981,-0.00055434,-0.0015121,-0.00020978,-0.00012293,4.883e-07,-3.6195e-05,-5.9084e-05,-9.9796e-05,-0.00013428,-5.5422e-05
-0.00075033,-0.00079391,-0.00080203,-0.00090231,-0.00088418,-0.00057869,-0.0015346,-0.00022108,-0.00012732,1.7701e-06,-3.9918e-05,-5.8412e-05,-0.00010926,-0.00013715,-5.2675e-05
-0.00075533,-0.00077755,-0.00082778,-0.00089322,-0.00091525,-0.00061763,-0.0015663,-0.00023054,-0.00013208,1.2879e-05,-4.1017e-05,-4.7975e-05,-0.00011945,-0.0001402,-4.6876e-05
-0.0007463,-0.00076583,-0.00083309,-0.00088119,-0.00094021,-0.00066091,-0.0016059,-0.00023688,-0.00013453,1.9105e-05,-3.6561e-05,-3.9064e-05,-0.00012818,-0.0001493,-4.0956e-05
-0.00072292,-0.00074117,-0.00081784,-0.00089779,-0.00096103,-0.00069308,-0.0016435,-0.00023438,-0.00013514,2.3804e-05,-2.8138e-05,-2.8809e-05,-0.00013282,-0.00015656,-4.2238e-05
-0.00070919,-0.00071877,-0.00078896,-0.00097214,-0.00096042,-0.00071078,-0.001691,-0.0002223,-0.00013507,3.4242e-05,-1.9471e-05,-1.6602e-05,-0.00013343,-0.00015442,-4.8402e-05
-0.0007181,-0.00073409,-0.00076516,-0.0010559,-0.00095322,-0.00071963,-0.0017369,-0.0002074,-0.00013221,4.1932e-05,-8.7283e-06,-6.8972e-06,-0.00012683,-0.00014106,-4.651e-05
-0.00073012,-0.0007651,-0.00076461,-0.0010871,-0.00095499,-0.00072268,-0.0017541,-0.00020197,-0.00012726,3.6561e-05,-1.9532e-06,-1.0254e-05,-0.00012043,-0.00013044,-4.1993e-05
-0.00071859,-0.000772,-0.00077303,-0.0010579,-0.00094473,-0.00072134,-0.0017303,-0.00019727,-0.00012055,3.18e-05,2.3194e-06,-1.6114e-05,-0.00011518,-0.00012915,-4.1871e-05
-0.00068514,-0.00075454,-0.00077236,-0.00099057,-0.00092264,-0.00072225,-0.0016999,-0.00018995,-0.00010858,4.0956e-05,9.5218e-06,-1.4771e-05,-0.0001109,-0.00012561,-3.3143e-05
-0.00065133,-0.00072207,-0.00075271,-0.00090573,-0.00089743,-0.00073366,-0.0016861,-0.00018268,-9.4729e-05,5.5666e-05,1.9593e-05,-5.1271e-06,-0.00010352,-0.00011426,-1.7212e-05
-0.00062484,-0.00067489,-0.00071865,-0.00082394,-0.00087777,-0.00075039,-0.0016792,-0.00017798,-9.1556e-05,5.8657e-05,2.5941e-05,4.3947e-06,-9.65e-05,-0.00010401,-1.1109e-05
-0.0006147,-0.00064052,-0.0006783,-0.00076907,-0.00086752,-0.00075436,-0.0016721,-0.00017432,-9.7659e-05,5.7802e-05,3.1129e-05,1.7335e-05,-9.1556e-05,-9.4424e-05,-1.7884e-05
-0.00060524,-0.00062929,-0.00064559,-0.00075222,-0.00085659,-0.00074685,-0.0016655,-0.00017945,-0.00010199,5.8046e-05,3.6195e-05,2.6368e-05,-9.0945e-05,-9.0823e-05,-2.4293e-05
-0.00060164,-0.00063094,-0.00063839,-0.00075875,-0.00086648,-0.00074404,-0.0016509,-0.00019086,-0.0001062,5.9267e-05,4.0651e-05,2.3316e-05,-9.5706e-05,-9.7903e-05,-2.0508e-05
-0.00059304,-0.00062203,-0.00064077,-0.00075997,-0.00089004,-0.00073952,-0.0016054,-0.00020728,-0.00011512,5.1881e-05,4.0468e-05,2.8077e-06,-0.00010962,-0.00011005,-2.1302e-05
-0.00057118,-0.0006003,-0.00064614,-0.00073519,-0.00090378,-0.00073647,-0.0015248,-0.00022169,-0.00012299,3.9186e-05,3.4608e-05,-2.2706e-05,-0.00012,-0.00011914,-3.0152e-05
-0.00053847,-0.00056563,-0.00065468,-0.0006979,-0.00089029,-0.0007192,-0.0014218,-0.00022834,-0.00012775,3.1434e-05,2.6795e-05,-3.6622e-05,-0.00011957,-0.00012659,-4.8097e-05
-0.00053133,-0.00052736,-0.00067238,-0.00068227,-0.00087893,-0.00069735,-0.001354,-0.00022266,-0.00012738,3.3204e-05,2.2279e-05,-3.8575e-05,-0.00011231,-0.00013685,-7.4343e-05
-0.0005558,-0.00047938,-0.00068325,-0.00067818,-0.00088418,-0.00069369,-0.0013493,-0.00021052,-0.00012366,3.7416e-05,1.9837e-05,-3.3021e-05,-0.00010712,-0.00015021,-9.479e-05
-0.00057912,-0.00042897,-0.00066579,-0.0006606,-0.00087484,-0.00069399,-0.001381,-0.00020081,-0.00011695,4.6815e-05,2.0814e-05,-2.3499e-05,-0.00010004,-0.00015546,-9.9246e-05
-0.00057857,-0.0004048,-0.00063192,-0.00062801,-0.00083779,-0.00067208,-0.0013721,-0.00019684,-0.00010968,5.8596e-05,2.0203e-05,-1.5503e-05,-8.7344e-05,-0.00015326,-9.4546e-05
-0.00056301,-0.00042396,-0.00061055,-0.00058834,-0.00080026,-0.00062941,-0.0013291,-0.00019013,-9.9979e-05,6.2075e-05,1.2452e-05,-1.0743e-05,-7.1718e-05,-0.00015168,-7.8921e-05
-0.00056105,-0.00048561,-0.00062227,-0.00055696,-0.00076199,-0.00057784,-0.0012873,-0.00018671,-9.6561e-05,5.7314e-05,-6.7141e-07,-1.0926e-05,-5.7497e-05,-0.00015149,-5.9877e-05
-0.0005804,-0.00058376,-0.00066744,-0.00055031,-0.00074654,-0.00053084,-0.0012639,-0.00018983,-0.00011225,5.121e-05,-1.0865e-05,-1.7273e-05,-4.9074e-05,-0.00015094,-5.4811e-05
-0.00060091,-0.00064815,-0.00069283,-0.00055715,-0.00077114,-0.00049361,-0.0012529,-0.0001919,-0.00014124,4.6022e-05,-1.2513e-05,-1.8983e-05,-4.8585e-05,-0.00015192,-6.2746e-05
-0.00060891,-0.00064949,-0.00067714,-0.00056575,-0.0007861,-0.00046394,-0.0012847,-0.00018946,-0.00015345,3.9125e-05,-1.1353e-05,-1.6663e-05,-4.5351e-05,-0.0001637,-7.0132e-05
-0.00059127,-0.00062099,-0.00064217,-0.0005594,-0.00075564,-0.00043727,-0.0013511,-0.00018342,-0.00014563,2.7406e-05,-1.117e-05,-1.5137e-05,-3.0885e-05,-0.0001695,-6.8056e-05
-0.00056667,-0.00059841,-0.00061422,-0.00055513,-0.00072488,-0.0004098,-0.0014115,-0.00017603,-0.00013257,1.3733e-05,-8.179e-06,-1.1963e-05,-1.9715e-05,-0.00015564,-5.768e-05
-0.00055184,-0.00056246,-0.00060634,-0.00056386,-0.00069369,-0.00037648,-0.0014626,-0.00016749,-0.00012171,9.7659e-07,1.4649e-06,-1.7396e-05,-2.0386e-05,-0.00013874,-5.1454e-05
-0.00053859,-0.00053053,-0.00061263,-0.00058614,-0.00064565,-0.00033833,-0.001519,-0.0001551,-0.00010633,-1.3855e-05,1.0743e-05,-2.9847e-05,-2.4415e-05,-0.00013129,-5.4079e-05
-0.00051595,-0.00054891,-0.00061574,-0.00060042,-0.00062844,-0.00030317,-0.0015736,-0.00014441,-8.9724e-05,-2.7284e-05,2.9908e-06,-3.6012e-05,-2.6612e-05,-0.00013062,-6.2746e-05
-0.00051094,-0.0006216,-0.00061098,-0.0006205,-0.00064418,-0.00028059,-0.0016218,-0.00013245,-8.3438e-05,-2.8443e-05,-1.6541e-05,-2.7894e-05,-2.588e-05,-0.00013648,-7.0498e-05
-0.00051784,-0.00068844,-0.00061147,-0.00063619,-0.00063442,-0.000279,-0.0016409,-0.00012,-7.7517e-05,-2.588e-05,-2.588e-05,-2.3377e-05,-2.1363e-05,-0.00014283,-7.831e-05
-0.0005201,-0.00073196,-0.00062386,-0.00063186,-0.00060128,-0.00028736,-0.001672,-0.00010981,-6.415e-05,-2.5391e-05,-2.179e-05,-2.8382e-05,-9.1556e-06,-0.00013172,-8.3193e-05
-0.00048878,-0.00075021,-0.00062716,-0.00060311,-0.00059389,-0.00027833,-0.0017486,-0.00010401,-5.8412e-05,-2.9542e-05,-1.5687e-05,-2.3255e-05,2.4415e-06,-0.00010242,-8.4597e-05
-0.00046352,-0.0007546,-0.00060195,-0.00058309,-0.00059896,-0.00026691,-0.0018514,-0.00010102,-7.1413e-05,-3.3753e-05,-1.4893e-05,-1.764e-05,5.2492e-06,-7.7151e-05,-8.5452e-05
-0.0004452,-0.00075222,-0.00055226,-0.00057289,-0.00057674,-0.00026032,-0.0019073,-9.2959e-05,-8.356e-05,-3.2411e-05,-1.4771e-05,-4.3336e-05,5.005e-06,-7.4709e-05,-8.5086e-05
-0.00041267,-0.00073727,-0.0005096,-0.00054592,-0.00054512,-0.0002707,-0.0019047,-7.9348e-05,-9.1006e-05,-2.8077e-05,-7.3244e-06,-7.4648e-05,8.301e-06,-7.8494e-05,-8.0752e-05
-0.00036964,-0.00068679,-0.000477,-0.00051546,-0.00052297,-0.00030378,-0.0018652,-7.4526e-05,-0.00010028,-3.0152e-05,5.005e-06,-7.9165e-05,6.592e-06,-8.3254e-05,-7.9836e-05
-0.00034931,-0.00062691,-0.0004684,-0.00052315,-0.00053371,-0.0003578,-0.0018218,-7.6968e-05,-0.00011328,-2.9176e-05,1.941e-05,-6.7507e-05,-2.3194e-06,-9.5706e-05,-8.7344e-05
-0.00036085,-0.00060231,-0.00049391,-0.00054805,-0.00058644,-0.00041682,-0.0017671,-8.1118e-05,-0.0001283,-2.1668e-05,3.3021e-05,-7.178e-05,-1.8006e-05,-0.00011573,-0.00010022
-0.00040474,-0.0006017,-0.00054164,-0.00058339,-0.00063771,-0.000464,-0.0016772,-8.0508e-05,-0.00013971,-1.0437e-05,4.2177e-05,-8.7039e-05,-3.0457e-05,-0.00013367,-0.00011493
-0.00047102,-0.00061989,-0.00057222,-0.00062984,-0.00066482,-0.00049361,-0.001543,-8.1362e-05,-0.00015564,-8.5452e-07,4.4374e-05,-9.2105e-05,-4.2482e-05,-0.0001485,-0.00013208
-0.00051515,-0.00065224,-0.0005804,-0.00067702,-0.00069063,-0.00051057,-0.0013876,-8.7832e-05,-0.00017682,9.4607e-06,4.1322e-05,-8.2217e-05,-5.4872e-05,-0.00015412,-0.00014844
-0.00051924,-0.00068056,-0.00058626,-0.00068239,-0.00073959,-0.00052644,-0.0012782,-9.9979e-05,-0.0001778,1.1414e-05,3.943e-05,-7.0437e-05,-5.9206e-05,-0.00015314,-0.00015809
-0.00051704,-0.00069491,-0.00059706,-0.00064461,-0.00077743,-0.00053475,-0.0012669,-0.00011133,-0.00015772,6.1037e-08,4.1871e-05,-5.6642e-05,-5.7192e-05,-0.00014679,-0.00015699
-0.00056136,-0.00070425,-0.00061464,-0.00070144,-0.00077505,-0.00051375,-0.0013094,-0.00011237,-0.00015015,-1.3428e-05,3.65e-05,-3.7721e-05,-6.3784e-05,-0.00016089,-0.00015265
-0.0006202,-0.00073775,-0.00063845,-0.00091635,-0.00074483,-0.00046034,-0.0013576,-0.00011469,-0.00017524,-2.3133e-05,1.0743e-05,-4.2482e-05,-7.5747e-05,-0.00020661,-0.00015186
-0.00063259,-0.00076888,-0.00064779,-0.001021,-0.00070553,-0.00042555,-0.0013947,-0.00012403,-0.0002234,-4.3703e-05,-2.8871e-05,-9.1494e-05,-8.7405e-05,-0.00025642,-0.00015705
-0.00060543,-0.00074911,-0.00065023,-0.00098141,-0.00068105,-0.00042732,-0.0014303,-0.00013703,-0.00026374,-9.064e-05,-6.3295e-05,-0.00015674,-9.2959e-05,-0.0002779,-0.00016272
-0.00056764,-0.00069912,-0.00066652,-0.00089627,-0.00069875,-0.00043703,-0.0014688,-0.00015052,-0.00027985,-0.00015271,-8.4109e-05,-0.00021143,-9.4668e-05,-0.00025831,-0.00016492
-0.00052351,-0.00067812,-0.00067489,-0.00081185,-0.00072176,-0.00043239,-0.0015013,-0.00014942,-0.00027931,-0.00020331,-9.2654e-05,-0.0002552,-8.9724e-05,-0.0002165,-0.00014551
-0.00049861,-0.00069149,-0.00064742,-0.00074075,-0.00070675,-0.0004203,-0.0014937,-0.0001363,-0.0002776,-0.00024421,-9.3936e-05,-0.00028394,-8.0996e-05,-0.00019141,-0.00010303
-0.00050185,-0.00072481,-0.00062154,-0.00070693,-0.00067916,-0.00040669,-0.0014455,-0.00012671,-0.00027003,-0.00027442,-9.357e-05,-0.00029402,-7.3672e-05,-0.00019776,-6.2929e-05
-0.00052785,-0.00074184,-0.00064162,-0.00070894,-0.00068203,-0.00038508,-0.0013789,-0.00012049,-0.00026484,-0.00028034,-9.3814e-05,-0.00029243,-6.4211e-05,-0.000198,-5.3774e-05
-0.00055696,-0.00074825,-0.00068178,-0.00073122,-0.00069826,-0.00035774,-0.0013354,-0.00010797,-0.00027375,-0.00027094,-9.3692e-05,-0.0002826,-4.883e-05,-0.00018036,-8.5452e-05
-0.00053175,-0.00071541,-0.00068313,-0.00072146,-0.00068795,-0.00030409,-0.0012933,-0.00010358,-0.00028645,-0.0002674,-9.2532e-05,-0.00026746,-4.1932e-05,-0.00018628,-0.00014258
-0.00050142,-0.00070235,-0.00064205,-0.00072201,-0.00063369,-0.00020527,-0.0012367,-0.00010334,-0.00029127,-0.00027204,-9.1311e-05,-0.00026014,-4.4008e-05,-0.00022608,-0.00019391
-0.00056514,-0.00083169,-0.00061678,-0.00083291,-0.00058516,-0.00010346,-0.00122,-8.9114e-05,-0.00029249,-0.00029102,-9.9124e-05,-0.00028181,-4.7731e-05,-0.00027149,-0.0002165
-0.00069625,-0.0010473,-0.00064949,-0.0010136,-0.00059145,-4.3641e-05,-0.001277,-7.0193e-05,-0.00030488,-0.00031104,-0.0001142,-0.00031996,-4.9928e-05,-0.00031507,-0.00022352
-0.00078481,-0.0011704,-0.00069216,-0.0011288,-0.00060549,2.0081e-05,-0.0013591,-6.4333e-05,-0.00031642,-0.00032112,-0.00012604,-0.00034498,-4.3397e-05,-0.00034571,-0.00023811
-0.0007607,-0.0011489,-0.00068502,-0.0011125,-0.00057192,0.0001048,-0.0014205,-5.0722e-05,-0.00030555,-0.00031092,-0.00012604,-0.00034022,-1.9349e-05,-0.00033882,-0.0002461
-0.00063442,-0.0010465,-0.00061147,-0.00099307,-0.00047542,0.00018586,-0.0014677,-2.4598e-05,-0.00030024,-0.00030403,-0.00012159,-0.0003415,9.5828e-06,-0.00031074,-0.00023969
-0.00047884,-0.00090707,-0.00049104,-0.00082907,-0.00033686,0.0002569,-0.0015072,8.3621e-06,-0.00032429,-0.00035371,-0.00011689,-0.00039015,2.7589e-05,-0.00028993,-0.00022822
-0.00039094,-0.00078579,-0.00036445,-0.0006943,-0.00020228,0.00034834,-0.0015047,4.7853e-05,-0.00035499,-0.00045936,-0.00011524,-0.00046126,4.0712e-05,-0.00027662,-0.00019794
-0.0003564,-0.00071957,-0.00026185,-0.00066005,-0.0001045,0.00044105,-0.0014259,9.1494e-05,-0.00034877,-0.00053261,-0.00011591,-0.00049159,6.3723e-05,-0.00025867,-0.00015546
-0.00037849,-0.00071371,-0.00022773,-0.00070742,-3.3509e-05,0.00052437,-0.0013019,0.00012775,-0.00030738,-0.00053523,-0.00011139,-0.00046101,9.5828e-05,-0.00024982,-0.00015033
-0.00038484,-0.00071395,-0.00020203,-0.00075185,5.182e-05,0.00061678,-0.0011704,0.00016468,-0.00025196,-0.00049812,-9.65e-05,-0.00040132,0.0001247,-0.00025813,-0.0001883
-0.00031935,-0.00065951,-0.00012311,-0.0007004,0.00018348,0.00072707,-0.0010301,0.00020936,-0.00020783,-0.00046516,-7.4038e-05,-0.00035432,0.00013984,-0.0002591,-0.00021558
-0.00022047,-0.00057448,-2.5147e-05,-0.00060079,0.00031257,0.00082669,-0.00088083,0.00025697,-0.00018946,-0.00045631,-5.4018e-05,-0.00034791,0.00014594,-0.00022327,-0.00021363
-0.00013752,-0.00051418,3.6988e-05,-0.00058052,0.00040815,0.00089377,-0.00073995,0.00028614,-0.0002035,-0.00049098,-5.2248e-05,-0.00039082,0.00013862,-0.00018763,-0.00020954
-0.00011933,-0.00050868,4.9379e-05,-0.00064742,0.00045912,0.00092557,-0.00061763,0.00028614,-0.00024531,-0.0005309,-6.6103e-05,-0.00045503,0.00011451,-0.00021265,-0.00022321
-0.00016218,-0.00057955,4.4801e-05,-0.00071157,0.00045723,0.00096646,-0.00051137,0.00027229,-0.00029872,-0.00053774,-7.8372e-05,-0.00049763,8.887e-05,-0.00028626,-0.00023951
-0.00019019,-0.00066286,7.9043e-05,-0.0006722,0.00046718,0.0010254,-0.0004214,0.00027302,-0.00032417,-0.00052046,-8.2217e-05,-0.00051003,7.9531e-05,-0.00034492,-0.00024348
-0.00013819,-0.0007004,0.00016034,-0.00053529,0.00055196,0.0010973,-0.00035322,0.00028242,-0.00031349,-0.00052126,-9.9063e-05,-0.00051064,8.5757e-05,-0.00033381,-0.00022028
-5.182e-05,-0.00072567,0.00020319,-0.00042622,0.00066543,0.0011817,-0.00026197,0.00028761,-0.0002953,-0.00056166,-0.0001308,-0.00051808,0.00010645,-0.00027461,-0.00014417
-3.1434e-05,-0.00076705,0.00011707,-0.00039839,0.00073666,0.0012812,-0.0001189,0.00029365,-0.00027967,-0.00062142,-0.00015485,-0.00052364,0.0001391,-0.00019697,-6.4394e-05
-0.00012848,-0.00083602,-4.1627e-05,-0.00044758,0.00076174,0.0013857,3.5035e-05,0.00030769,-0.0002627,-0.00067708,-0.00015973,-0.00050838,0.00016913,-0.00012268,-0.00012207
-0.00027772,-0.00097128,-0.00015534,-0.00059365,0.00072445,0.0014263,0.0001319,0.00031471,-0.00026283,-0.00070852,-0.00015332,-0.00049202,0.00017908,-0.00010547,-0.0003
-0.00036476,-0.0011082,-0.00018213,-0.00074349,0.00068728,0.0014443,0.00014209,0.00031013,-0.00028455,-0.00069094,-0.00014496,-0.00048854,0.00016865,-0.00017682,-0.00044404
-0.00032545,-0.001137,-0.0001048,-0.0007604,0.00072408,0.0015452,7.7883e-05,0.00030342,-0.00030964,-0.00065084,-0.00015076,-0.00049715,0.00017066,-0.00025965,-0.00046315
-0.00021674,-0.0010436,6.4882e-05,-0.0006509,0.00082705,0.001696,-5.8596e-06,0.00031532,-0.00032856,-0.0006578,-0.00018104,-0.00052461,0.0001941,-0.0002851,-0.00041035
-0.00018171,-0.00095584,0.00020753,-0.00059273,0.00092227,0.0017409,-7.6296e-05,0.00033119,-0.00035231,-0.00071395,-0.00021473,-0.00058138,0.00021174,-0.00027772,-0.00038429
-0.00025001,-0.001015,0.00017835,-0.00080184,0.00096927,0.0017552,-8.9908e-05,0.00034034,-0.00036866,-0.00077169,-0.00022236,-0.00063515,0.00019764,-0.00028602,-0.00042311
-0.00032289,-0.0012074,8.7283e-05,-0.0010342,0.00099588,0.0018033,-2.5636e-05,0.00034498,-0.00036244,-0.00079037,-0.00020612,-0.00064461,0.0001695,-0.00031031,-0.00044386
-0.00030476,-0.0013536,6.6347e-05,-0.0010255,0.0010495,0.0018921,4.5839e-05,0.00034559,-0.00034584,-0.00077035,-0.00019367,-0.00062539,0.00016077,-0.00030665,-0.00039027
-0.00018415,-0.0013226,0.00013153,-0.00080776,0.0011413,0.002,9.1067e-05,0.00034571,-0.00032563,-0.00074764,-0.00019385,-0.0006006,0.00018165,-0.00022626,-0.00029664
4.6083e-05,-0.0011093,0.00027302,-0.00052199,0.0012835,0.002,0.00014832,0.00036732,-0.00027808,-0.00074477,-0.00019465,-0.00057723,0.00023035,-9.4546e-05,-0.00021528
0.00028022,-0.0008179,0.00043348,-0.00028608,0.0014648,0.002,0.0002107,0.00040388,-0.00023792,-0.00075674,-0.00019703,-0.00056679,0.00028468,-4.0773e-05,-0.00018696
0.00026783,-0.00071432,0.00045985,-0.0003296,0.0016086,0.002,0.00023988,0.00043001,-0.0002602,-0.00076455,-0.000214,-0.00059566,0.00029542,-0.00014142,-0.00023591
2.3194e-05,-0.00096225,0.00032691,-0.00066884,0.0016316,0.002,0.00027979,0.00043709,-0.00032716,-0.00077987,-0.00023914,-0.00066201,0.00025172,-0.00028584,-0.00031544
-0.00012622,-0.0012707,0.0002187,-0.00093448,0.0015582,0.002,0.00033143,0.00044874,-0.00038319,-0.0008793,-0.00025098,-0.00073763,0.00020588,-0.00034315,-0.00033851
-3.7049e-05,-0.0013066,0.00028187,-0.00082974,0.0015199,0.002,0.00034358,0.00048103,-0.00038636,-0.0010335,-0.00024122,-0.00079031,0.00019575,-0.00031611,-0.00028132
0.00016443,-0.0011676,0.00041823,-0.00056825,0.0015627,0.002,0.00031678,0.00052419,-0.00033778,-0.0011048,-0.00022211,-0.00079189,0.0002234,-0.00024696,-0.00020173
0.00027314,-0.0011226,0.00046632,-0.00049153,0.001624,0.002,0.00028571,0.00056343,-0.00028028,-0.0010407,-0.00021192,-0.00075271,0.00026557,-0.00017304,-0.00017573
0.00023487,-0.0011822,0.00039662,-0.0006227,0.0016433,0.002,0.00027815,0.00059694,-0.00024226,-0.00091745,-0.00021784,-0.00069277,0.00029298,-0.00010901,-0.00019275
0.00022938,-0.0011763,0.00035621,-0.00065828,0.0016275,0.002,0.00031416,0.00063027,-0.00019971,-0.00080996,-0.00022449,-0.00061892,0.00029914,-5.0722e-05,-0.0001753
0.00036848,-0.00097763,0.00045918,-0.0004568,0.0016577,0.002,0.00038783,0.00066945,-0.00013099,-0.00075405,-0.00020795,-0.00054335,0.00031495,2.6551e-05,-7.5686e-05
0.00059059,-0.00065493,0.00066726,-0.00019471,0.0017792,0.002,0.00045906,0.00071261,-5.2431e-05,-0.00075784,-0.00016797,-0.00047383,0.00037214,0.00011762,7.0193e-05
0.00080197,-0.00038496,0.00083505,-2.2645e-05,0.0019178,0.002,0.00047554,0.00075381,4.883e-06,-0.0007543,-0.00012378,-0.00040663,0.00043886,0.00016718,0.00011225
0.0009285,-0.00030555,0.00089334,6.1831e-05,0.002,0.002,0.00048097,0.00077877,1.5931e-05,-0.00068203,-9.4302e-05,-0.000344,0.00045436,0.00013129,-3.4486e-05
0.00092685,-0.00039442,0.00086898,5.6887e-05,0.002,0.002,0.00052138,0.00077664,-1.2818e-05,-0.00056838,-8.6917e-05,-0.00031532,0.00041523,3.2411e-05,-0.00021809
0.00085037,-0.00049648,0.00081887,6.653e-05,0.002,0.002,0.00057595,0.00075912,-5.8718e-05,-0.0005085,-9.1983e-05,-0.00034272,0.00037745,-3.7904e-05,-0.00027296
0.00079012,-0.0004673,0.00083639,0.00015851,0.002,0.002,0.00059267,0.00076601,-0.00010163,-0.00056471,-9.8514e-05,-0.0004026,0.00037678,-3.9796e-05,-0.00021967
0.00075143,-0.00037214,0.00090939,0.00015943,0.002,0.002,0.00056966,0.00078347,-0.00012891,-0.00065651,-0.00011145,-0.00045137,0.00040095,-2.3682e-05,-0.00014814
0.00068874,-0.00044978,0.00089755,-6.3234e-05,0.002,0.002,0.00057741,0.00078835,-0.0001521,-0.00068697,-0.00012287,-0.00047475,0.00042524,-2.0997e-05,-0.00010034
0.00061257,-0.00070266,0.00077767,-0.00024982,0.002,0.002,0.00068337,0.00078182,-0.00015912,-0.00066036,-0.0001272,-0.00047578,0.00042573,-2.942e-05,-7.5381e-05
0.00055147,-0.00088247,0.00066854,-0.0003133,0.0019391,0.002,0.00079983,0.00077181,-0.00014124,-0.00063778,-0.00012867,-0.00046132,0.00039869,-2.2462e-05,-6.0976e-05
0.00055092,-0.00082846,0.00064949,-0.00029243,0.0018554,0.002,0.00085446,0.00075936,-9.418e-05,-0.00063326,-0.00013221,-0.00044569,0.0003625,1.4039e-05,-3.9247e-05
0.00062978,-0.00062105,0.00071419,-0.00022456,0.0018332,0.002,0.0008796,0.00074837,-2.6734e-05,-0.00061708,-0.00013294,-0.00042024,0.00034095,8.5147e-05,1.709e-06
0.00075729,-0.00037007,0.00082315,-7.8982e-05,0.0018414,0.002,0.00086081,0.00073891,5.5544e-06,-0.00057277,-0.00012647,-0.00037574,0.00033143,0.00017176,4.1566e-05
0.00086129,-0.0002024,0.000892,0.00010566,0.001813,0.002,0.00077102,0.00073434,1.8799e-05,-0.00050661,-0.00011377,-0.00031623,0.00032087,0.00023554,4.3703e-05
0.00087405,-0.00022205,0.00086172,0.00011921,0.0017532,0.002,0.00064125,0.00072866,3.9979e-05,-0.00045961,-0.00010236,-0.00026246,0.00029804,0.00022761,-1.709e-06
0.00075784,-0.00038331,0.00077615,-0.00013257,0.0016824,0.002,0.00053426,0.0007156,5.1637e-05,-0.00045711,-9.5157e-05,-0.00023994,0.00026246,0.00014704,-8.3865e-05
0.00063723,-0.00046968,0.00073928,-0.00030708,0.0016182,0.002,0.0004803,0.00069124,1.5259e-05,-0.00046779,-8.4231e-05,-0.00024421,0.00022053,3.882e-05,-0.00016846
0.00060994,-0.00037349,0.00079836,-0.00026075,0.0015976,0.002,0.0004366,0.00066207,-4.6449e-05,-0.00045534,-6.9948e-05,-0.0002522,0.00019117,-3.4364e-05,-0.00020478
0.00061983,-0.00022065,0.00087295,-0.00016193,0.0016155,0.002,0.0003827,0.00063411,-7.4038e-05,-0.0004228,-7.4953e-05,-0.00026655,0.00018293,-3.9064e-05,-0.00017542
0.00055531,-0.00021393,0.00086892,-0.00022907,0.0016274,0.002,0.00031269,0.00061702,-5.2004e-05,-0.00040394,-0.00010425,-0.00027638,0.00019184,3.8453e-06,-0.00012293
0.00041816,-0.00037019,0.000764,-0.00046846,0.0016099,0.002,0.00023688,0.00061617,-2.3194e-06,-0.00040431,-0.00012366,-0.00026862,0.00020808,5.9511e-05,-9.8025e-05
0.00028761,-0.00054195,0.00063277,-0.00062105,0.0015649,0.002,0.00012708,0.00062551,4.3886e-05,-0.00040724,-0.00012043,-0.00024995,0.00022852,0.00010358,-0.00010504
0.00024348,-0.00060408,0.0005818,-0.00062148,0.0015332,0.002,3.9064e-06,0.00063833,6.9033e-05,-0.00039625,-0.00010694,-0.00022132,0.00024372,0.0001272,-0.00011176
0.0003003,-0.00053951,0.00061953,-0.00052937,0.0015386,0.002,-8.4048e-05,0.00064882,8.3865e-05,-0.00038136,-9.6622e-05,-0.00018024,0.00024403,0.00014844,-8.7832e-05
0.00041157,-0.00042268,0.00067354,-0.00041554,0.0015612,0.002,-0.00015088,0.00065444,0.00010578,-0.00038417,-9.8331e-05,-0.0001446,0.00023457,0.00018567,-3.8209e-05
0.00049635,-0.00031898,0.00070266,-0.00034565,0.0015495,0.002,-0.00023261,0.00066585,0.00013361,-0.00039503,-0.00010858,-0.00011725,0.00023011,0.00022456,1.3855e-05
0.00053023,-0.00023792,0.00071377,-0.00031172,0.0015016,0.002,-0.00032972,0.00066561,0.00015253,-0.00039509,-0.00011536,-7.9287e-05,0.00023005,0.00025526,4.7914e-05
0.0005229,-0.00020081,0.00072182,-0.00029267,0.0014548,0.002,-0.00042543,0.00065053,0.00016779,-0.00038936,-0.00011243,-3.4364e-05,0.00022498,0.00028047,7.2207e-05
0.00052126,-0.00023328,0.00070931,-0.00030543,0.0014221,0.002,-0.00051167,0.00062941,0.00017621,-0.00039369,-0.00010889,-1.0437e-05,0.00020991,0.00028919,8.3193e-05
0.00056685,-0.00027509,0.00063594,-0.00030952,0.0013779,0.002,-0.00055293,0.00060195,0.00016865,-0.00038282,-0.00011432,1.8311e-07,0.00018738,0.00026661,4.0712e-05
0.00062313,-0.00027277,0.00055989,-0.0002685,0.0013078,0.002,-0.00050282,0.00056453,0.00014887,-0.00034614,-0.00013208,-3.9674e-06,0.00015625,0.00022907,-3.3753e-05
0.00056343,-0.00026222,0.00047066,-0.00025477,0.001201,0.0019323,-0.00039479,0.00052205,0.00012818,-0.00032167,-0.00016279,-2.3438e-05,0.0001164,0.0002027,-6.0366e-05
0.00039644,-0.00031281,0.00031788,-0.00033705,0.0010562,0.0018357,-0.00029804,0.00047908,0.0001081,-0.00032691,-0.00019233,-5.1271e-05,8.7161e-05,0.00020112,-4.1505e-05
0.0002566,-0.00047774,0.00015577,-0.00048292,0.00092477,0.0017458,-0.00019794,0.00044893,0.00010425,-0.00033363,-0.00020167,-8.3621e-05,8.0142e-05,0.00019739,-3.5463e-05
0.00019135,-0.00066994,6.7202e-05,-0.00059523,0.00083413,0.0016992,-7.532e-05,0.00042689,0.00011542,-0.00035902,-0.00019196,-0.00012653,7.239e-05,0.00014832,-7.3244e-05
0.00015125,-0.00075777,3.7782e-05,-0.00064754,0.00074496,0.0016714,2.0203e-05,0.00040345,9.7232e-05,-0.0004167,-0.00018067,-0.00017829,4.12e-05,5.945e-05,-0.00011567
0.00010144,-0.00073183,4.6022e-05,-0.00064779,0.00067019,0.0015926,5.9511e-05,0.0003755,2.0875e-05,-0.00045967,-0.00018702,-0.0002331,-6.2868e-06,-2.8077e-06,-0.00011365
5.1088e-05,-0.00067629,7.0803e-05,-0.00064272,0.00063973,0.0015223,0.00010681,0.00035316,-2.8199e-05,-0.00045991,-0.00021052,-0.00027552,-4.0956e-05,-1.2207e-07,-5.237e-05
6.7202e-05,-0.00061513,9.479e-05,-0.0005782,0.00063399,0.0014971,0.00019202,0.00035054,-6.4699e-06,-0.00044447,-0.00022651,-0.0002787,-4.4008e-05,3.2838e-05,2.8626e-05
0.00014502,-0.0005558,0.00012397,-0.00045326,0.00064083,0.0014974,0.0003011,0.00037648,5.2004e-05,-0.00042,-0.00021583,-0.00023109,-1.709e-05,7.5076e-05,6.6591e-05
0.00022828,-0.0005179,0.00016279,-0.00042598,0.00067,0.0014941,0.00042036,0.00040944,9.9979e-05,-0.00036866,-0.00018567,-0.00015931,1.0987e-05,0.00012983,6.83e-05
0.00024561,-0.00050288,0.00020478,-0.00054884,0.0007007,0.0014804,0.00053664,0.00042695,0.00012683,-0.00029145,-0.00015302,-7.5686e-05,2.295e-05,0.00017182,7.4221e-05
0.00017261,-0.00049355,0.00025843,-0.00063503,0.0007195,0.0014524,0.00065603,0.00043562,0.00013654,-0.00021662,-0.00013044,-6.1037e-06,2.3682e-05,0.00016004,6.6103e-05
8.4231e-05,-0.00048836,0.00029395,-0.00064711,0.0007098,0.0014009,0.00078549,0.00043849,0.00014081,-0.00016114,-0.00012311,3.0457e-05,1.3184e-05,0.00013605,3.8942e-05
4.8036e-05,-0.00051601,0.00028187,-0.00061757,0.00067116,0.0013218,0.00092099,0.00042286,0.00015235,-0.00012781,-0.00012635,3.9857e-05,-6.2868e-06,0.00013782,2.5819e-05
5.7802e-05,-0.0005558,0.00021674,-0.00058065,0.0006263,0.001248,0.0010737,0.00039863,0.00017469,-0.00010681,-0.00012189,4.5351e-05,-2.3438e-05,0.00015479,5.3224e-05
8.7222e-05,-0.00055373,0.00014185,-0.00053499,0.00059743,0.0012046,0.0012356,0.00038643,0.00018824,-8.8626e-05,-0.0001034,5.8535e-05,-3.534e-05,0.00016913,0.00010767
0.00011121,-0.00047932,9.7537e-05,-0.00049489,0.00057656,0.0011841,0.0013635,0.000391,0.00018262,-6.592e-05,-7.7944e-05,9.4546e-05,-4.0712e-05,0.00017347,0.00014893
0.00012629,-0.00038392,8.4353e-05,-0.00049165,0.0005544,0.0011538,0.0014274,0.00038783,0.00015461,-3.65e-05,-6.3479e-05,0.00013556,-4.9196e-05,0.00016095,0.00013733
0.00016089,-0.00033406,7.2573e-05,-0.00050209,0.00052852,0.0011137,0.0014577,0.0003517,0.0001106,-2.0081e-05,-7.3183e-05,0.00011274,-7.2756e-05,0.00012873,0.00010614
0.00017438,-0.0003412,4.4008e-05,-0.00048115,0.00046748,0.0010735,0.0014553,0.0002978,6.3906e-05,-6.8789e-05,-9.6622e-05,2.411e-05,-0.00010102,8.5879e-05,9.3875e-05
0.00010492,-0.00034913,1.2024e-05,-0.00044673,0.00037953,0.0010273,0.0014127,0.00025623,3.412e-05,-0.00016346,-0.00010877,-6.3173e-05,-0.00011982,6.0488e-05,8.533e-05
6.4333e-05,-0.00033656,-4.0284e-06,-0.00040596,0.0003249,0.000978,0.0013725,0.00023402,2.179e-05,-0.00023078,-0.00011164,-0.00010559,-0.00012824,5.2248e-05,5.0295e-05
7.4526e-05,-0.00030952,3.6622e-06,-0.00040492,0.00033009,0.00095352,0.00134,0.00022016,1.2329e-05,-0.00024445,-0.00011463,-0.00010718,-0.00013416,3.0335e-05,1.0498e-05
9.4241e-05,-0.00027784,2.8016e-05,-0.00044942,0.00034413,0.00096756,0.0013076,0.0002157,2.5636e-06,-0.00022248,-0.00011365,-7.7212e-05,-0.00013459,-6.1037e-08,-9.2166e-06
0.00013343,-0.00022504,7.7456e-05,-0.00044453,0.00033979,0.0010002,0.001296,0.00021754,6.7751e-06,-0.00017096,-0.00010718,-3.2228e-05,-0.00013007,-1.0132e-05,-4.4557e-06
0.00017866,-0.00017859,0.00011652,-0.00036756,0.0003307,0.0010143,0.0012721,0.00021778,3.4547e-05,-0.00012061,-9.5401e-05,7.3855e-06,-0.00011969,1.648e-06,-9.1556e-07
0.00015571,-0.00018012,9.8514e-05,-0.00026911,0.00032252,0.0010052,0.0012113,0.00021052,6.7568e-05,-0.00010627,-8.0874e-05,2.9298e-05,-0.00010645,3.6927e-05,5.7375e-06
0.00010187,-0.00021851,6.4394e-05,-0.00020374,0.00031843,0.0010195,0.0011454,0.00019758,4.6022e-05,-0.00011451,-6.9277e-05,3.8575e-05,-0.00010224,7.7212e-05,4.0223e-05
0.00011615,-0.00023377,5.8779e-05,-0.00023896,0.00033387,0.0010574,0.0010959,0.00018702,-2.0386e-05,-9.4913e-05,-6.2258e-05,5.6398e-05,-0.00010187,8.7283e-05,9.3509e-05
0.00018354,-0.00022553,7.5625e-05,-0.00026563,0.00037403,0.0010462,0.0010645,0.00018921,-4.474e-05,-5.2187e-05,-4.59e-05,7.6174e-05,-9.3936e-05,6.061e-05,0.00012922
0.00020637,-0.00019324,9.9063e-05,-0.00024543,0.00040474,0.0010228,0.0010519,0.00021381,-2.8687e-06,-2.8443e-05,-2.2523e-05,8.1606e-05,-8.0935e-05,2.3133e-05,0.00012055
0.00019062,-0.00011975,0.0001576,-0.00025385,0.00041499,0.0010378,0.0010428,0.00024537,4.1566e-05,-4.2604e-05,-7.5686e-06,8.2888e-05,-6.7873e-05,-1.2757e-05,8.356e-05
0.00020612,-2.0631e-05,0.0002331,-0.0002884,0.00043355,0.0010721,0.0010146,0.00026594,3.6073e-05,-7.123e-05,-1.0743e-05,7.3061e-05,-5.8596e-05,-4.0345e-05,6.4943e-05
0.00027113,6.2807e-05,0.00029975,-0.00026313,0.00047426,0.0010997,0.00099814,0.00027522,-6.7751e-06,-8.7588e-05,-2.3194e-05,5.2736e-05,-5.3163e-05,-3.6561e-05,8.356e-05
0.00033222,8.4414e-05,0.00034364,-0.0002143,0.00051247,0.0011033,0.00098117,0.00028364,-3.6805e-05,-9.7354e-05,-2.8748e-05,3.6866e-05,-4.2543e-05,-9.1556e-07,0.00011823
0.00035255,6.1769e-05,0.00036848,-0.00018519,0.00055824,0.0010957,0.00098648,0.00029231,-1.2696e-05,-0.00010327,-1.941e-05,3.4059e-05,-2.179e-05,3.5463e-05,0.00012751
0.00033772,3.4059e-05,0.00036695,-0.00017701,0.00059267,0.0010741,0.0010276,0.00029994,3.9186e-05,-0.00010224,-3.235e-06,2.3988e-05,7.9348e-07,4.1261e-05,9.125e-05
0.00027253,3.7843e-06,0.00032728,-0.00019764,0.00057118,0.0010416,0.0010351,0.00030378,4.3092e-05,-0.00010608,-2.0142e-06,5.4323e-06,1.0926e-05,1.6907e-05,3.943e-05
0.00017512,-4.1749e-05,0.00025379,-0.00025477,0.00052431,0.0010036,0.00096939,0.00029853,-4.4557e-06,-0.00010974,-2.9725e-05,8.8504e-06,4.883e-07,-2.2523e-05,2.2584e-06
0.00011878,-0.0001225,0.0001775,-0.00027296,0.00047926,0.00098038,0.00092489,0.00027735,-3.8087e-05,-0.00011029,-7.0437e-05,1.355e-05,-3.1312e-05,-6.5554e-05,-7.3855e-06
0.0001222,-0.00023286,9.9002e-05,-0.00021924,0.00041249,0.0009592,0.00092923,0.00025703,-4.944e-05,-0.00011481,-8.5757e-05,-3.3692e-05,-6.769e-05,-9.0396e-05,8.9724e-06
0.00016181,-0.00029408,4.2543e-05,-0.00021033,0.00033662,0.0009335,0.000889,0.00024628,-7.2817e-05,-0.00014301,-7.6846e-05,-8.5452e-05,-9.0152e-05,-9.2593e-05,5.005e-05
0.00021479,-0.0003199,1.4405e-05,-0.00033625,0.00027534,0.00089615,0.00080184,0.00024219,-9.3997e-05,-0.00017689,-6.1647e-05,-8.8321e-05,-9.2776e-05,-8.4475e-05,9.7171e-05
0.00027046,-0.00026496,2.4964e-05,-0.00039808,0.00026753,0.00087552,0.00074459,0.00024415,-8.6978e-05,-0.00018506,-5.4506e-05,-6.7812e-05,-7.2878e-05,-6.1647e-05,0.00010285
0.00029011,-0.00011878,5.9633e-05,-0.00036683,0.00031117,0.00087881,0.00072091,0.00025098,-6.4455e-05,-0.00017646,-6.006e-05,-5.7741e-05,-4.0101e-05,-3.0702e-05,4.9074e-05
0.00026392,-2.7223e-05,7.3183e-05,-0.00030958,0.00034254,0.0008735,0.00069124,0.00025153,-5.2248e-05,-0.00018287,-7.5014e-05,-6.7385e-05,-2.5269e-05,-3.5401e-05,-7.5686e-06
0.00023542,-0.00013172,5.8046e-05,-0.00024946,0.00033363,0.00084597,0.0006805,0.0002403,-6.0854e-05,-0.00018036,-8.6489e-05,-8.3865e-05,-4.6693e-05,-7.3672e-05,-3.8759e-05
0.00022785,-0.00024586,4.0345e-05,-0.00020948,0.00032203,0.00082754,0.00075283,0.00022468,-7.8066e-05,-0.0001648,-8.9724e-05,-9.418e-05,-8.2644e-05,-9.9063e-05,-2.4659e-05
0.00021534,-0.00028272,3.2716e-05,-0.00025605,0.00031745,0.00084671,0.0008768,0.00021863,-6.7873e-05,-0.00016877,-8.533e-05,-0.00010358,-9.9063e-05,-8.7588e-05,3.0946e-05
0.00022437,-0.00024323,7.239e-05,-0.00035469,0.00033699,0.0009194,0.0010105,0.00021906,-4.0345e-05,-0.00018458,-8.5574e-05,-0.00011811,-8.8015e-05,-5.4323e-05,8.1545e-05
0.00026832,-0.00019233,0.00014838,-0.00039228,0.00039479,0.0010329,0.0011258,0.0002317,-3.7843e-05,-0.00017524,-8.5208e-05,-0.00011023,-5.4079e-05,-1.0865e-05,0.00011274
0.00030634,-0.00020148,0.0001919,-0.00033485,0.00047011,0.0011462,0.0011812,0.00025477,-6.3356e-05,-0.00016309,-7.7151e-05,-8.7161e-05,-1.2268e-05,1.9654e-05,0.0001402
0.00033912,-0.00024403,0.00020124,-0.00024256,0.00055953,0.0012489,0.0011953,0.00026527,-7.1963e-05,-0.0002035,-8.0142e-05,-0.00010779,2.1424e-05,4.3275e-05,0.00016773
0.00040107,-0.00023499,0.00022163,-0.00014264,0.00067214,0.0013398,0.0011922,0.00025898,-4.9989e-05,-0.00027338,-0.00010047,-0.00016633,4.7121e-05,7.3794e-05,0.00018989
0.00047401,-0.00016816,0.00028462,-7.1902e-05,0.00078402,0.001419,0.0011781,0.00024879,-2.3316e-05,-0.00030262,-0.00011139,-0.00018,6.6225e-05,0.00010181,0.00020319
0.00051631,-7.5076e-05,0.00035072,-7.9531e-05,0.00085714,0.0014931,0.0011651,0.00025709,-2.3133e-05,-0.00025837,-0.00010138,-0.00013984,8.5086e-05,9.7476e-05,0.00019849
0.00051338,-4.0101e-05,0.00037654,-0.00018122,0.000897,0.0015428,0.0011463,0.00029194,-3.6866e-05,-0.00019147,-8.0447e-05,-0.00010462,0.00010834,5.8168e-05,0.00018464
0.00047438,-0.00010248,0.00038398,-0.00028687,0.00092068,0.0015282,0.0011343,0.00032972,-3.2899e-05,-0.00018867,-6.3723e-05,-0.00012256,0.0001211,2.5819e-05,0.00018146
0.00045393,-0.00019538,0.00039802,-0.00030543,0.00092508,0.001476,0.0011319,0.00034407,-1.0865e-05,-0.00024543,-5.4384e-05,-0.00016883,0.0001059,4.6632e-05,0.00019037
0.00049275,-0.00020142,0.00040986,-0.00024751,0.00090878,0.0014258,0.0011228,0.00033943,2.2645e-05,-0.00029353,-5.1027e-05,-0.00016987,8.0935e-05,0.00011975,0.00022004
0.00055477,-0.00012391,0.00038832,-0.00017658,0.00088931,0.0013854,0.0011259,0.00033674,6.3906e-05,-0.00028785,-6.9277e-05,-0.00011756,7.7639e-05,0.00020099,0.0002663
0.00057405,-2.6795e-05,0.0003393,-0.00014319,0.00086483,0.0013424,0.0011299,0.00033027,8.948e-05,-0.00023206,-9.2776e-05,-5.6825e-05,9.1128e-05,0.00024238,0.00030103
0.00056294,5.8596e-05,0.00030738,-0.0001164,0.00082308,0.001276,0.0011094,0.00031416,0.000107,-0.00016181,-9.827e-05,-1.3489e-05,9.7049e-05,0.00026148,0.00031385
0.00059407,0.00014417,0.00032087,-6.5371e-05,0.00077627,0.0011874,0.0010755,0.00029414,0.00013361,-0.00012104,-8.8321e-05,1.4893e-05,8.3865e-05,0.00028925,0.0003202
0.00067617,0.00026777,0.00036879,-6.7141e-06,0.00073104,0.0010884,0.0010266,0.00027442,0.00016907,-0.00011042,-6.6164e-05,3.7599e-05,6.7446e-05,0.00032832,0.0003332
0.00072951,0.00038289,0.00038691,4.358e-05,0.00068343,0.00097513,0.00097861,0.00025526,0.00020161,-9.8086e-05,-3.3204e-05,6.3295e-05,5.4384e-05,0.00036042,0.00034785
0.00070638,0.00038313,0.00035768,5.7802e-05,0.00060817,0.00084823,0.00094394,0.00024195,0.00022022,-6.4028e-05,-3.6622e-06,0.0001015,4.3641e-05,0.0003542,0.00036067
0.00063997,0.00032331,0.00032594,-2.8077e-06,0.00050783,0.00072927,0.00090451,0.00023133,0.00021931,-1.3245e-05,2.3804e-06,0.0001344,3.1251e-05,0.00029829,0.00036183
0.00058315,0.00029945,0.00031593,-7.3366e-05,0.00039583,0.00064058,0.00084256,0.00022022,0.00020618,4.6327e-05,-1.8311e-06,0.00016095,2.0936e-05,0.00026081,0.00035585
0.00056026,0.00032423,0.00032691,-7.4099e-05,0.00031367,0.00060555,0.00077242,0.0002129,0.00020362,0.00010877,4.0895e-06,0.00019514,1.2268e-05,0.0002638,0.0003628
0.0005735,0.00036018,0.00033326,-2.4354e-05,0.0002859,0.00058974,0.00070992,0.00020801,0.00021717,0.00015833,1.5381e-05,0.00023096,1.8311e-06,0.00027235,0.00038557
0.00059658,0.00040071,0.00032832,4.828e-05,0.00029322,0.00056465,0.00067666,0.0001999,0.00022138,0.00018482,2.4049e-05,0.00025074,-2.4415e-06,0.00027381,0.00040333
0.00060805,0.00045711,0.00032856,0.00012757,0.00028901,0.00052644,0.00067739,0.00018659,0.00021699,0.00020014,3.1434e-05,0.00026435,9.1556e-07,0.00028413,0.0004026
0.00062923,0.00052419,0.00031422,0.00017566,0.00026026,0.00047316,0.00068319,0.00016663,0.00021192,0.00021015,3.5646e-05,0.00027265,-2.9298e-06,0.00029731,0.00039198
0.0006465,0.00055336,0.00026057,0.00016602,0.00020911,0.00040828,0.00065786,0.00014338,0.00020783,0.00021894,3.6317e-05,0.00027595,-1.4649e-05,0.00029981,0.00037526
0.00061983,0.00052889,0.00020014,0.00011182,0.00015973,0.00035884,0.00061415,0.00012293,0.00021137,0.00023182,4.2482e-05,0.00028913,-2.0692e-05,0.00028028,0.00032954
0.00055489,0.00046956,0.00016944,4.5595e-05,0.00012842,0.00032972,0.00057814,0.0001084,0.00022254,0.0002378,5.4689e-05,0.00031025,-2.3865e-05,0.00021815,0.00026966
0.00051607,0.00041273,0.00016694,-8.179e-06,0.00012116,0.00031867,0.00055446,0.00010437,0.00020643,0.0002215,5.6825e-05,0.00030824,-3.1007e-05,0.00014185,0.00023109
0.00051192,0.00039821,0.0001814,-4.1322e-05,0.00013202,0.00033845,0.00054335,0.00011109,0.00014747,0.00019221,4.297e-05,0.0002613,-4.2299e-05,0.00010865,0.00023634
0.00053523,0.00039418,0.00020716,-3.8697e-05,0.0001637,0.00039192,0.00057399,0.00011286,9.2044e-05,0.00016236,3.1312e-05,0.00019117,-5.1943e-05,0.00011457,0.0002635
0.00056496,0.00036195,0.00021406,0,0.00018781,0.0004723,0.00061605,0.00010584,5.8535e-05,0.00014991,2.6063e-05,0.0001438,-5.2309e-05,0.00012476,0.00027711
0.0005804,0.00031074,0.00021735,9.0945e-05,0.00021119,0.00054347,0.0006766,0.00011042,3.8759e-05,0.00015674,1.825e-05,0.0001247,-4.4679e-05,0.0001261,0.00026814
0.00057186,0.00030195,0.00022968,0.00018458,0.00025288,0.00057332,0.00073849,0.00013086,3.9979e-05,0.00016248,-2.5025e-06,0.00011103,-3.8575e-05,0.00013013,0.00024879
0.00056539,0.00032099,0.00024378,0.00015607,0.00030439,0.00057637,0.00077633,0.00014686,4.4679e-05,0.00014838,-2.4049e-05,9.0884e-05,-4.1322e-05,0.0001457,0.00023756
0.00056703,0.00030616,0.00023518,-2.5208e-05,0.00031782,0.00058834,0.000764,0.00014576,3.3387e-05,0.00010785,-3.8636e-05,6.9887e-05,-5.3285e-05,0.00015589,0.00022596
0.00052327,0.00025239,0.00022571,-0.00013465,0.00031007,0.0006213,0.00075314,0.00013263,2.7528e-05,4.9684e-05,-4.9745e-05,4.6632e-05,-6.8117e-05,0.00014496,0.00019941
0.00043281,0.00017524,0.00023078,-0.00019483,0.00030909,0.00063875,0.00075594,0.00012641,4.4069e-05,1.0132e-05,-5.1027e-05,2.8321e-05,-7.5014e-05,0.00012885,0.00016559
0.00035902,0.00011017,0.000227,-0.00024561,0.00031941,0.00061208,0.00077419,0.00013477,6.238e-05,2.0508e-05,-3.4425e-05,2.5452e-05,-6.946e-05,0.00011255,0.00015162
0.00032594,8.5696e-05,0.0002082,-0.00026496,0.00031391,0.0005356,0.00081356,0.00014875,5.8596e-05,6.531e-05,-8.4231e-06,4.2726e-05,-6.3234e-05,8.7466e-05,0.0001648
0.00030421,0.00010028,0.00019422,-0.00025581,0.00027515,0.00044673,0.00087381,0.00015613,6.2258e-05,0.00010376,1.6114e-05,6.9033e-05,-6.653e-05,6.4577e-05,0.00018628
0.00023743,2.2034e-05,0.00016651,-0.00028352,0.00021113,0.00035347,0.00090548,0.00014209,6.0549e-05,8.9602e-05,2.4964e-05,7.593e-05,-7.4892e-05,6.122e-05,0.0001941
0.00011682,-0.00018073,9.2044e-05,-0.0003628,0.0001131,0.00025129,0.00087497,0.00011158,4.8341e-05,3.8026e-05,1.0559e-05,5.652e-05,-8.3987e-05,6.9399e-05,0.00019044
-1.6846e-05,-0.00038435,-3.003e-05,-0.00047151,-1.2268e-05,0.00015015,0.00079916,8.0996e-05,3.4791e-05,-5.4933e-06,-1.1963e-05,2.9298e-05,-9.5584e-05,8.8931e-05,0.00020203
-0.00011341,-0.00048347,-0.00013953,-0.00057106,-0.00011933,7.4953e-05,0.00075637,5.3285e-05,1.2635e-05,-2.0325e-05,-2.8871e-05,1.4588e-05,-0.00010858,0.00012677,0.00021931
-0.00014582,-0.00047066,-0.0002168,-0.00060988,-0.00019922,3.0519e-06,0.00075546,2.8504e-05,9.3387e-06,-1.3306e-05,-3.8697e-05,1.5076e-05,-0.00011921,0.00015821,0.00021253
-0.00013678,-0.00039473,-0.00025532,-0.00058504,-0.00024781,-7.123e-05,0.00078127,1.2207e-05,3.2167e-05,-2.3194e-06,-4.3214e-05,2.5391e-05,-0.00012482,0.00014063,0.00018366
-0.00011762,-0.00029456,-0.00025813,-0.00054683,-0.00027686,-0.00012891,0.00080251,4.2726e-06,5.5239e-05,8.1179e-06,-4.1566e-05,3.8392e-05,-0.0001269,0.00010523,0.00016108
-7.532e-05,-0.00017988,-0.00023591,-0.00049861,-0.00029969,-0.00015796,0.00078896,-3.1739e-06,5.3774e-05,2.9969e-05,-3.4547e-05,5.0905e-05,-0.00013422,7.8799e-05,0.0001319
-6.2868e-06,-6.9643e-05,-0.00020539,-0.00042531,-0.00031397,-0.00016431,0.0007488,-1.4527e-05,4.1139e-05,5.5239e-05,-2.3865e-05,6.8911e-05,-0.00014478,6.0183e-05,0.00010346
9.4302e-05,2.649e-05,-0.00017042,-0.00033692,-0.00028297,-0.00013813,0.00074068,-2.0081e-05,4.9013e-05,5.8107e-05,-1.2635e-05,9.9673e-05,-0.0001435,5.7497e-05,0.00011335
0.00025404,0.00013202,-0.00011908,-0.00024555,-0.00018549,-5.829e-05,0.00076736,-6.4089e-06,8.4841e-05,6.006e-05,-2.1973e-06,0.00014277,-0.00011859,8.71e-05,0.00015955
0.00040657,0.00022901,-6.1403e-05,-0.00018012,-7.77e-05,5.5177e-05,0.00076479,2.2889e-05,0.00012574,8.7649e-05,6.9582e-06,0.00018256,-8.301e-05,0.00012458,0.00017237
0.00038948,0.00023347,-3.7538e-05,-0.00018665,-4.1322e-05,0.00013794,0.00071462,5.9755e-05,0.00014515,0.00013312,7.6296e-06,0.00020392,-5.1088e-05,0.00013123,0.00013544
0.00020673,0.00012647,-5.0233e-05,-0.00028449,-3.6927e-05,0.00018738,0.00066622,9.4363e-05,0.00014289,0.00016724,-1.4039e-06,0.00019007,-2.5086e-05,0.00011695,0.00010797
6.531e-05,1.5381e-05,-5.7314e-05,-0.0003979,-1.5198e-05,0.00022156,0.00062899,0.0001222,0.00011725,0.00017408,-1.1658e-05,0.00015442,-6.653e-06,0.00010248,0.00011042
4.5412e-05,1.062e-05,-2.8077e-05,-0.00041346,2.5025e-05,0.00025648,0.00059322,0.00014527,9.4974e-05,0.00014002,-8.24e-06,0.00012195,4.944e-06,0.00010327,0.00013733
0.00010053,4.8036e-05,2.2156e-05,-0.00036189,6.1525e-05,0.00028761,0.00055739,0.00017103,0.00010401,6.0976e-05,3.6012e-06,0.00010279,1.5442e-05,0.00011103,0.0001839
0.00017292,6.8361e-06,6.1769e-05,-0.00041041,7.9958e-05,0.00030702,0.00050142,0.00018397,0.00011853,-9.0945e-06,-1.5259e-06,8.0142e-05,1.6541e-05,0.00011438,0.00022944
0.00021766,-0.00010578,4.9684e-05,-0.000459,5.4994e-05,0.00028492,0.00040266,0.00017139,0.00011597,-1.3184e-05,-1.5076e-05,6.8423e-05,1.3672e-05,0.00012384,0.000258
0.00020099,-0.00018305,-1.0926e-05,-0.00045314,-1.5259e-05,0.00021198,0.00027003,0.00014411,0.00011066,3.1373e-05,-2.2828e-05,7.2817e-05,1.8311e-07,0.00014063,0.00027186
0.00015088,-0.00020441,-7.4709e-05,-0.0004424,-9.9307e-05,9.9612e-05,0.00011975,0.0001211,0.0001117,8.1851e-05,-1.3916e-05,8.7344e-05,-2.0631e-05,0.00016187,0.00028327
0.00012091,-0.00017621,-9.1739e-05,-0.00043068,-0.00015442,-1.8433e-05,-4.3947e-06,0.00010504,0.00012262,0.00011628,6.653e-06,0.00011084,-3.5707e-05,0.00018445,0.00029377
0.0001142,-0.00013343,-7.6479e-05,-0.00041206,-0.00019831,-0.0001305,-9.0213e-05,9.1494e-05,0.00014454,0.00013569,2.3011e-05,0.00013477,-4.6388e-05,0.00020045,0.0003028
0.00010602,-0.00010511,-7.3e-05,-0.00040004,-0.00026026,-0.00022938,-0.00016388,7.477e-05,0.00017206,0.00014484,2.8382e-05,0.00015564,-5.7375e-05,0.00020466,0.00030634
8.4841e-05,-9.3814e-05,-0.00011945,-0.00040431,-0.00035304,-0.00032832,-0.00025184,5.6764e-05,0.00020087,0.00016694,2.9969e-05,0.0001839,-6.7019e-05,0.00021009,0.0003014
4.0956e-05,-9.1128e-05,-0.00019691,-0.00042134,-0.00046199,-0.00043312,-0.00034254,3.2777e-05,0.0002118,0.0001988,2.5391e-05,0.0002082,-8.6978e-05,0.00022541,0.00029133
-1.8921e-05,-8.2034e-05,-0.00026862,-0.00043715,-0.00055916,-0.00054378,-0.00045277,3.6622e-06,0.00020264,0.0002165,1.8311e-05,0.00021918,-0.00011939,0.00023853,0.00028291
-6.7873e-05,-6.2685e-05,-0.00032081,-0.00043275,-0.00064284,-0.00065413,-0.00057247,-2.7894e-05,0.00018738,0.00022315,1.3916e-05,0.00022974,-0.00015253,0.00021979,0.000274
-9.8025e-05,-5.5788e-05,-0.000373,-0.00044301,-0.00072475,-0.0007604,-0.00069234,-6.3479e-05,0.00017066,0.00022748,1.2268e-05,0.00024134,-0.00018714,0.00016993,0.00025501
-0.00011426,-5.9999e-05,-0.00042262,-0.00048988,-0.00079965,-0.00086184,-0.00080453,-0.00010047,0.00015284,0.00023695,1.1597e-05,0.00024885,-0.00021882,0.00013245,0.00023066
-0.00011066,-5.7436e-05,-0.00045668,-0.00051808,-0.00084872,-0.00095041,-0.0008779,-0.00012696,0.00014801,0.0002646,1.6785e-05,0.00026106,-0.00023115,0.00012842,0.00021735
-0.00011475,-4.7792e-05,-0.00048598,-0.00053359,-0.00089511,-0.0010235,-0.0009285,-0.00014838,0.00015278,0.00029597,2.3743e-05,0.00027692,-0.00023621,0.00013239,0.00021607
-0.00014045,-3.8942e-05,-0.00052492,-0.00055354,-0.0009534,-0.0010984,-0.001003,-0.00017396,0.000154,0.00031446,2.7711e-05,0.00028816,-0.00024921,0.00012555,0.00021595
-0.00016315,-3.3387e-05,-0.00056691,-0.00055757,-0.0010096,-0.001175,-0.0011151,-0.00019593,0.00014826,0.00031587,3.0457e-05,0.00029743,-0.00026606,0.00011097,0.00020978
-0.00017457,-2.6185e-05,-0.00059951,-0.0005638,-0.0010625,-0.0012478,-0.0012477,-0.00020643,0.00014069,0.00031953,3.1739e-05,0.00030818,-0.00027686,9.9307e-05,0.00020124
-0.0001991,-2.3927e-05,-0.00062532,-0.00057802,-0.001107,-0.0013288,-0.00133,-0.00022034,0.00012403,0.00031953,2.7223e-05,0.00030732,-0.00029322,8.7222e-05,0.00018787
-0.00024201,-1.6724e-05,-0.00065139,-0.00058058,-0.0011635,-0.0014175,-0.0013581,-0.00024763,0.0001001,0.00030848,2.0386e-05,0.00028889,-0.0003152,7.3061e-05,0.00016669
-0.00027155,-3.7233e-06,-0.00067251,-0.00056496,-0.0012242,-0.0014873,-0.0013824,-0.00027668,7.8982e-05,0.0002967,1.6053e-05,0.00025794,-0.00033638,5.182e-05,0.00014942
-0.00029658,-1.6236e-05,-0.0007018,-0.00058046,-0.0012801,-0.0015422,-0.0014398,-0.00030079,6.1953e-05,0.00029347,1.2635e-05,0.00023188,-0.00035548,2.5269e-05,0.00013349
-0.00032093,-5.2492e-05,-0.00073977,-0.00063424,-0.0013132,-0.0015923,-0.0015245,-0.00032667,4.1749e-05,0.00028803,6.8972e-06,0.00020801,-0.00037202,-2.6246e-06,0.00010883
-0.0003365,-7.416e-05,-0.00077432,-0.00066445,-0.0013277,-0.0016252,-0.0015917,-0.00035066,2.0203e-05,0.00026588,-4.2726e-07,0.0001858,-0.00037739,-2.0997e-05,8.5452e-05
-0.0003498,-7.6113e-05,-0.0008088,-0.00066707,-0.0013403,-0.0016427,-0.0016518,-0.00036348,4.2726e-06,0.00023664,-7.5076e-06,0.00017176,-0.00037428,-3.0457e-05,6.9826e-05
-0.00038453,-9.4607e-05,-0.00083682,-0.00072903,-0.0013435,-0.0016533,-0.0017256,-0.00036317,1.587e-06,0.00022077,-9.4607e-06,0.00016688,-0.00037159,-3.7965e-05,5.8596e-05
-0.00044612,-0.00014167,-0.00083755,-0.00085586,-0.0013226,-0.0016523,-0.0018231,-0.00035859,9.949e-06,0.0002179,-6.8972e-06,0.00016138,-0.00036799,-4.9013e-05,5.3163e-05
-0.00049843,-0.00020014,-0.00082516,-0.00093936,-0.0012917,-0.0016475,-0.0019225,-0.00034767,1.6785e-05,0.00022175,-1.8311e-06,0.00015546,-0.0003592,-5.9938e-05,4.9318e-05
-0.00051497,-0.0002411,-0.00081161,-0.0009451,-0.0012823,-0.0016412,-0.0019946,-0.00032405,1.4893e-05,0.00023341,8.24e-06,0.00016004,-0.00034413,-6.7873e-05,3.4242e-05
-0.00051051,-0.00025385,-0.00079055,-0.00092306,-0.0012918,-0.0016257,-0.0019905,-0.00029957,1.355e-05,0.00025471,2.2828e-05,0.00017115,-0.00032887,-7.3061e-05,-1.2207e-07
-0.00050508,-0.00028309,-0.00075625,-0.00089077,-0.0012721,-0.0015892,-0.001914,-0.00028425,2.1973e-05,0.00027686,3.5463e-05,0.00018976,-0.0003188,-8.4658e-05,-3.1861e-05
-0.00048335,-0.00031867,-0.00074496,-0.00086209,-0.0012194,-0.0015385,-0.0018721,-0.00027149,2.6673e-05,0.00028108,4.1688e-05,0.00020844,-0.00031684,-0.00011164,-4.9928e-05
-0.00043324,-0.0003343,-0.00076595,-0.00081564,-0.0011631,-0.0014675,-0.0018679,-0.00026411,1.3977e-05,0.00027314,4.1017e-05,0.00021003,-0.00031977,-0.00014698,-5.4323e-05
-0.00038356,-0.00032801,-0.00080343,-0.00075777,-0.0011134,-0.0013822,-0.00182,-0.00026063,1.587e-06,0.00026423,3.8881e-05,0.00019471,-0.0003144,-0.00016309,-5.0417e-05
-0.0003473,-0.00029872,-0.0008063,-0.0007463,-0.0010674,-0.0012965,-0.0017579,-0.00025794,1.587e-06,0.00023444,3.1983e-05,0.00016486,-0.00029487,-0.00015699,-4.0895e-05
-0.00030811,-0.00027064,-0.00076473,-0.00082943,-0.0010205,-0.001199,-0.0017534,-0.00024757,-6.0427e-06,0.00019904,2.4903e-05,0.00012653,-0.00026234,-0.00013483,-2.7223e-05
-0.00026246,-0.00028657,-0.00070498,-0.00083889,-0.00095901,-0.0010855,-0.0017808,-0.00023096,-3.4974e-05,0.00018372,2.4842e-05,0.00010376,-0.0002281,-0.00011237,-1.8433e-05
-0.00022742,-0.00030305,-0.00064309,-0.00080618,-0.00089462,-0.00099448,-0.0018356,-0.00021235,-3.943e-05,0.00018122,3.0885e-05,9.9796e-05,-0.00019105,-9.8941e-05,-3.4181e-06
-0.00020002,-0.00027332,-0.00059047,-0.00078567,-0.00081961,-0.00091214,-0.0019003,-0.00018482,-2.3865e-05,0.00016608,2.9481e-05,8.6612e-05,-0.00014905,-9.5584e-05,2.3072e-05
-0.00016218,-0.0002281,-0.00055782,-0.00076431,-0.00075539,-0.00083352,-0.0019624,-0.00014942,-3.2594e-05,0.00012177,1.6602e-05,3.4852e-05,-0.00011383,-9.3142e-05,4.6144e-05
-9.7842e-05,-0.00016547,-0.00051576,-0.00069051,-0.00070656,-0.00076095,-0.0019733,-0.00012555,-5.829e-05,6.3173e-05,4.2116e-06,-3.2777e-05,-0.00010193,-8.6001e-05,6.0671e-05
-2.9298e-05,-0.00010321,-0.00044758,-0.00057997,-0.00063509,-0.0006805,-0.0019073,-0.00011023,-5.7558e-05,2.0875e-05,4.1505e-06,-6.6897e-05,-9.3936e-05,-8.002e-05,8.3865e-05
1.0926e-05,-0.00010706,-0.00037721,-0.00050887,-0.00055049,-0.00060176,-0.0018169,-8.7466e-05,-2.5575e-05,2.4232e-05,1.6968e-05,-4.6083e-05,-6.83e-05,-5.5727e-05,0.00011518
1.2696e-05,-0.00016492,-0.00032997,-0.0005132,-0.00048677,-0.00054994,-0.0017928,-5.8473e-05,1.1963e-05,6.5859e-05,3.9613e-05,1.5809e-05,-3.1251e-05,-8.9724e-06,0.00014777
1.4039e-05,-0.00018268,-0.00026801,-0.00052748,-0.00042573,-0.00051234,-0.0017997,-2.6734e-05,5.4079e-05,8.9663e-05,5.8779e-05,7.3428e-05,3.9064e-06,3.9369e-05,0.00018018
4.7609e-05,-0.00012848,-0.00016681,-0.00049806,-0.00035121,-0.00048189,-0.0017903,1.0437e-05,9.6988e-05,9.534e-05,7.123e-05,9.125e-05,3.3692e-05,7.5014e-05,0.00020905
9.4363e-05,-3.9125e-05,-6.4333e-05,-0.00044301,-0.00029676,-0.00047938,-0.0017375,3.9979e-05,0.00012409,0.00011151,7.8005e-05,9.4485e-05,5.2492e-05,0.00010138,0.00022602
0.00012348,3.6683e-05,-1.0804e-05,-0.0004131,-0.00029511,-0.00052235,-0.0016706,4.9379e-05,0.00014283,0.00013233,8.1423e-05,0.00011103,5.7741e-05,0.00012305,0.00023103
0.00012152,7.3855e-05,-3.7843e-05,-0.00041609,-0.00035145,-0.00060469,-0.0016362,3.6988e-05,0.00015955,0.00014576,8.301e-05,0.00013916,5.2065e-05,0.00013306,0.00023005
7.2878e-05,6.7629e-05,-0.00012427,-0.00044765,-0.00044343,-0.00070602,-0.0016457,1.6846e-05,0.00017011,0.00015925,8.3865e-05,0.00017048,3.4669e-05,0.00013129,0.00022279
1.1597e-05,3.8209e-05,-0.00021863,-0.0005052,-0.00052773,-0.00079788,-0.0016519,-8.7893e-06,0.00016749,0.00017151,8.2095e-05,0.00019306,1.1658e-05,0.00012445,0.00021198
-5.0661e-05,-7.0803e-06,-0.00029664,-0.00059328,-0.0006133,-0.0008688,-0.0016366,-3.5768e-05,0.00015754,0.00018079,7.7883e-05,0.00020386,-9.827e-06,0.00011359,0.00020435
-0.00014386,-6.1831e-05,-0.00037025,-0.00068801,-0.00071035,-0.00093881,-0.0015907,-6.3479e-05,0.00014771,0.00018476,7.1169e-05,0.00020533,-3.8514e-05,9.5645e-05,0.00018494
-0.00025593,-0.00013385,-0.0004521,-0.00075808,-0.00081576,-0.0010296,-0.0014938,-9.3692e-05,0.00014057,0.0001872,6.1647e-05,0.00019807,-7.0925e-05,6.9582e-05,0.00015308
-0.00032661,-0.00018519,-0.00051991,-0.00079153,-0.00088821,-0.0011108,-0.0013574,-0.00012439,0.00013044,0.00018934,5.1332e-05,0.0001836,-9.4241e-05,4.0834e-05,0.00012738
-0.00035926,-0.000198,-0.00056893,-0.00081442,-0.00094259,-0.001171,-0.0012464,-0.00014991,0.0001175,0.00018134,4.4679e-05,0.00016944,-0.00011097,1.5503e-05,0.0001142
-0.00039595,-0.0002107,-0.00061879,-0.00085769,-0.0010105,-0.0012368,-0.001178,-0.00017066,0.00010645,0.00017335,3.9918e-05,0.00016199,-0.00013392,-2.4415e-07,0.00010425
-0.00044978,-0.0002682,-0.00067782,-0.00093527,-0.0010824,-0.0013012,-0.0011529,-0.00018513,9.7415e-05,0.00017841,3.6378e-05,0.00016413,-0.00015699,2.2584e-06,9.0823e-05
-0.00049782,-0.00030775,-0.00072854,-0.00099814,-0.001124,-0.0013391,-0.0011412,-0.00019752,8.9297e-05,0.00018574,3.2533e-05,0.00016962,-0.0001731,1.0498e-05,6.6469e-05
-0.0005389,-0.00032569,-0.00077377,-0.0010323,-0.0011511,-0.0013569,-0.0011059,-0.00021143,7.9165e-05,0.00018397,2.7894e-05,0.00016633,-0.00017518,7.2024e-06,1.6968e-05
-0.00058913,-0.00038801,-0.00081985,-0.0010653,-0.0011898,-0.0013654,-0.0010666,-0.00021979,6.5432e-05,0.00017066,2.2034e-05,0.00015564,-0.00016388,-1.1597e-06,-4.004e-05
-0.00066805,-0.00048952,-0.00086691,-0.0011066,-0.0012364,-0.0013719,-0.0010725,-0.00020759,5.5666e-05,0.00016791,2.0386e-05,0.0001521,-0.00014429,-3.1129e-06,-5.707e-05
-0.00074813,-0.0005801,-0.00092575,-0.0011444,-0.0012747,-0.001383,-0.0011288,-0.00020222,4.9074e-05,0.00018036,1.9044e-05,0.00014759,-0.00013691,-1.4344e-05,-3.2167e-05
-0.00080447,-0.00063759,-0.001002,-0.001167,-0.001309,-0.0014093,-0.0012035,-0.00022999,3.4181e-05,0.00019153,9.4607e-06,0.00012922,-0.00014801,-3.7477e-05,-7.2024e-06
-0.00081613,-0.00064193,-0.0010361,-0.0011623,-0.0013236,-0.001415,-0.0012517,-0.00025556,2.4537e-05,0.00019282,-2.7467e-06,0.00011109,-0.00015564,-5.829e-05,1.2391e-05
-0.00077029,-0.00060762,-0.0010049,-0.0011377,-0.0013052,-0.0013699,-0.0012436,-0.00025568,3.6622e-05,0.00019019,-1.3428e-06,0.00010865,-0.0001438,-5.829e-05,3.8514e-05
-0.00067507,-0.00056142,-0.00094015,-0.001079,-0.0012558,-0.001262,-0.001188,-0.00023621,6.5249e-05,0.00019098,1.1475e-05,0.00012104,-0.0001106,-3.8697e-05,7.3244e-05
-0.00057027,-0.00051607,-0.00086868,-0.0010111,-0.001206,-0.0011375,-0.0011068,-0.00020753,9.8392e-05,0.00019697,2.0203e-05,0.00014478,-5.6703e-05,-9.949e-06,0.00010681
-0.0004911,-0.00044874,-0.00080605,-0.00098801,-0.0011649,-0.0010617,-0.00102,-0.00018598,0.00012317,0.00019074,7.2634e-06,0.00015546,0,1.6785e-05,0.00014331
-0.00043703,-0.00037288,-0.00074252,-0.00096713,-0.0011075,-0.0010052,-0.00097732,-0.00016437,0.00013581,0.0001579,-1.0315e-05,0.00014069,4.2787e-05,4.5351e-05,0.00019855
-0.00041408,-0.0003141,-0.00068221,-0.00089987,-0.0010227,-0.00092935,-0.00095065,-0.00011805,0.00012238,0.00012439,-9.7049e-06,0.00011957,7.6296e-05,7.178e-05,0.00023145
-0.00042341,-0.00027674,-0.00064919,-0.00085598,-0.00097262,-0.00084286,-0.0009031,-5.9084e-05,7.9104e-05,0.00011774,1.1536e-05,9.9368e-05,9.6805e-05,6.2868e-05,0.00017975
-0.00046571,-0.00030024,-0.00064351,-0.0009028,-0.00096841,-0.00076321,-0.0008254,-4.4374e-05,3.4547e-05,0.00012549,3.4608e-05,6.415e-05,9.8025e-05,3.2655e-05,0.00012287
-0.00051723,-0.00038289,-0.00064797,-0.00096005,-0.00096115,-0.00068825,-0.00077853,-8.2644e-05,2.3927e-05,0.00012244,4.0773e-05,1.3672e-05,9.0945e-05,2.8871e-05,0.00011713
-0.00051399,-0.00043233,-0.00062593,-0.00094394,-0.00090725,-0.00059993,-0.00078573,-9.6927e-05,3.3998e-05,7.8372e-05,3.3631e-05,-2.2034e-05,9.9734e-05,5.9694e-05,0.00014905
-0.00043635,-0.00040718,-0.00056154,-0.00086221,-0.0008002,-0.00049153,-0.00079946,-7.3244e-05,4.181e-05,1.9105e-05,2.6917e-05,-2.2523e-05,0.0001272,9.9796e-05,0.00019654
-0.00032759,-0.00031605,-0.00046516,-0.00075082,-0.00066427,-0.0003882,-0.00076345,-3.2655e-05,6.4455e-05,-1.0681e-05,2.2889e-05,9.827e-06,0.00016041,0.00013141,0.00024281
-0.00023957,-0.00020203,-0.00035163,-0.00064406,-0.00052913,-0.00032368,-0.00070119,5.1881e-06,0.00010089,-6.531e-06,2.3194e-05,5.5361e-05,0.00018854,0.00015607,0.00027393
-0.00018195,-0.00010944,-0.00026862,-0.00056374,-0.00043739,-0.00031452,-0.00068197,2.8809e-05,0.00013874,1.41e-05,3.003e-05,8.9419e-05,0.00020679,0.00017347,0.00029261
-0.00013514,-5.1515e-05,-0.00023432,-0.00050984,-0.00040992,-0.00035273,-0.00070571,5.2614e-05,0.00016224,3.9918e-05,4.1139e-05,0.00011072,0.00021284,0.00018622,0.00031587
-7.4953e-05,2.7894e-05,-0.00021235,-0.00046175,-0.00041749,-0.00038679,-0.00070333,6.2014e-05,0.00014954,6.5493e-05,5.5727e-05,0.00012165,0.00020173,0.00018317,0.00033253
8.179e-06,0.00013202,-0.0001963,-0.00040559,-0.00043941,-0.00043141,-0.0006993,4.1505e-05,0.0001203,9.3753e-05,7.4953e-05,0.00012171,0.00016944,0.00015772,0.0003122
4.944e-05,0.00018061,-0.00021259,-0.00038508,-0.00050148,-0.00050911,-0.00073312,5.7375e-06,0.00010468,0.00012171,9.4546e-05,0.00012287,0.00012641,0.00012452,0.00027973
-1.3184e-05,0.00014167,-0.00027058,-0.00044307,-0.00061519,-0.00061,-0.0007759,-2.2889e-05,9.357e-05,0.00013782,0.00010309,0.00014148,8.0996e-05,9.4546e-05,0.00023652
-0.00012146,5.0356e-05,-0.00035658,-0.00053121,-0.00072738,-0.00071041,-0.00081167,-3.7904e-05,7.9836e-05,0.00014624,8.533e-05,0.00016266,4.5961e-05,7.8372e-05,0.00019691
-0.00018482,-2.6246e-05,-0.00041981,-0.00057271,-0.00079745,-0.00078384,-0.00081954,-3.0702e-05,8.9358e-05,0.00016462,6.2685e-05,0.00018012,3.3143e-05,8.6062e-05,0.00018763
-0.00019294,-5.3652e-05,-0.00043513,-0.00055367,-0.00082809,-0.00078884,-0.00078518,-1.9105e-05,0.00012006,0.00018036,5.1149e-05,0.00017219,3.2594e-05,0.00010401,0.00019861
-0.00019556,-5.0661e-05,-0.00043312,-0.00055501,-0.00082907,-0.00074868,-0.00072945,-4.4191e-05,0.00013166,0.00017573,4.3641e-05,0.00014808,2.4903e-05,0.00010443,0.00022053
-0.000206,-2.8809e-05,-0.0004189,-0.0005884,-0.00082308,-0.00072945,-0.00063747,-8.2461e-05,0.00010584,0.00015943,3.882e-05,0.00013703,9.949e-06,9.1983e-05,0.00024604
-0.00021119,-2.7467e-06,-0.00039894,-0.0006075,-0.00083981,-0.00073977,-0.00051704,-0.0001092,6.5798e-05,0.00013764,4.0895e-05,0.00013666,-4.3947e-06,6.8728e-05,0.00023908
-0.0002074,1.0254e-05,-0.00039644,-0.00060323,-0.00086557,-0.00071535,-0.00035261,-0.00012323,2.2523e-05,0.00011365,4.2543e-05,9.9551e-05,-1.6053e-05,3.4547e-05,0.0001634
-0.00021442,-7.9958e-06,-0.00041585,-0.00063961,-0.00086935,-0.00067086,-0.00018964,-0.00012458,-5.0661e-06,9.241e-05,4.0223e-05,3.6866e-05,-2.8871e-05,-6.531e-06,8.8382e-05
-0.00022944,-6.3173e-05,-0.00043873,-0.00072085,-0.00085208,-0.00064614,-2.0569e-05,-0.00011292,-1.7151e-05,7.8799e-05,3.6988e-05,4.1505e-06,-4.0162e-05,-5.7375e-05,4.2055e-05
-0.00021589,-9.6622e-05,-0.00045991,-0.00078359,-0.00082711,-0.00063588,0.00017786,-8.1606e-05,-1.9044e-05,7.8982e-05,3.65e-05,2.5086e-05,-3.6683e-05,-0.00010273,2.8077e-06
-0.00017762,-5.0661e-05,-0.0004684,-0.00079305,-0.0007922,-0.00061867,0.00037086,-4.2909e-05,-2.3621e-05,7.2329e-05,3.827e-05,4.9867e-05,-1.7823e-05,-0.00010724,-4.1261e-05
-0.00015467,-3.3937e-05,-0.00046559,-0.00076894,-0.00077749,-0.00060036,0.00053169,-3.3326e-05,-4.7182e-05,2.3865e-05,3.8148e-05,9.1556e-06,7.6296e-06,-7.6846e-05,-8.4536e-05
-0.00012976,-0.00014698,-0.00044484,-0.00073373,-0.00079049,-0.00055342,0.00068184,-4.706e-05,-8.948e-05,-6.1831e-05,2.3316e-05,-8.478e-05,2.5147e-05,-8.6062e-05,-9.5523e-05
-0.0001142,-0.00027949,-0.00039583,-0.00075668,-0.00079226,-0.00047475,0.00081356,-6.299e-05,-0.00014075,-0.00015741,-7.5686e-06,-0.00015674,2.5025e-05,-0.00017359,-5.6825e-05
-0.00022254,-0.00039961,-0.00037471,-0.00079543,-0.00074337,-0.0003816,0.00090268,-7.6846e-05,-0.00018665,-0.00022681,-4.1749e-05,-0.0001858,2.8321e-05,-0.00023743,-1.3977e-05
-0.00036604,-0.00053017,-0.00045009,-0.00080477,-0.00068014,-0.0002859,0.00093246,-8.4414e-05,-0.00019617,-0.00024665,-6.6042e-05,-0.00017853,3.1556e-05,-0.00024653,-3.6134e-05
-0.00041548,-0.00060073,-0.00054714,-0.00081405,-0.00066799,-0.00020948,0.00095798,-7.7944e-05,-0.00019172,-0.00025758,-7.477e-05,-0.00015961,1.3733e-05,-0.00027351,-0.00011713
-0.00036421,-0.00055348,-0.00058034,-0.00090341,-0.00065145,-0.00015625,0.0010249,-6.1525e-05,-0.00021619,-0.00029688,-7.4648e-05,-0.00019752,-7.0803e-06,-0.00033033,-0.00021723
-0.00029048,-0.00042042,-0.00055678,-0.00094174,-0.00056636,-8.3743e-05,0.0011383,-4.4557e-05,-0.00027619,-0.00036647,-8.1362e-05,-0.00035963,-4.883e-06,-0.00037416,-0.00027967
-0.00024781,-0.00033247,-0.00053175,-0.00094974,-0.00048305,4.0773e-05,0.0013029,-1.8738e-05,-0.00030622,-0.00044386,-9.8148e-05,-0.0005118,2.0264e-05,-0.00037684,-0.00027137
-0.0002555,-0.00043043,-0.00051833,-0.0009512,-0.00042586,0.00021479,0.0015202,2.002e-05,-0.00026606,-0.00046333,-0.00011115,-0.00053456,5.9572e-05,-0.00032923,-0.00021406
-0.00024891,-0.00060237,-0.00050496,-0.00092056,-0.00036531,0.00039473,0.00174,5.9816e-05,-0.00019483,-0.000417,-0.00010291,-0.00045003,0.00012708,-0.00022797,-0.00014258
-0.00016913,-0.00062606,-0.00044227,-0.00081124,-0.00025245,0.00054048,0.0019291,0.00010858,-0.00014942,-0.00037678,-8.1973e-05,-0.00035041,0.00021906,-0.00011768,-5.3713e-05
-3.2899e-05,-0.00048012,-0.00030268,-0.00069478,-4.1932e-05,0.00066268,0.002,0.00015937,-0.00014478,-0.00036445,-6.9277e-05,-0.00030848,0.0002931,-5.0905e-05,3.1983e-05
7.5503e-05,-0.00030592,-0.00011908,-0.00067879,0.00021888,0.0008207,0.002,0.00019611,-0.00014185,-0.00040126,-6.653e-05,-0.00035261,0.00030592,-3.1129e-05,6.8239e-05
0.00012439,-0.00031843,1.4405e-05,-0.00065951,0.00036897,0.00099887,0.002,0.00022901,-0.00012964,-0.00044899,-6.2075e-05,-0.0004189,0.00030921,-7.8982e-05,6.0427e-06
0.00011762,-0.00048665,2.8077e-05,-0.00060366,0.00039637,0.0011358,0.002,0.00023737,-0.00011902,-0.00043348,-5.414e-05,-0.00041572,0.00031288,-0.00016095,-7.9104e-05
0.00012366,-0.00053475,2.1241e-05,-0.00053493,0.00042152,0.0012289,0.002,0.0002342,-0.00011518,-0.00035542,-4.5289e-05,-0.00035255,0.00032118,-0.00019306,-0.00013025
0.00022718,-0.00032215,9.7903e-05,-0.00041078,0.00050777,0.0013424,0.002,0.00026734,-0.00012281,-0.00030952,-3.6195e-05,-0.00031849,0.00035041,-0.00017029,-0.00013007
0.00037031,-6.1098e-05,0.00023286,-0.00023829,0.00062984,0.0015118,0.002,0.0003282,-0.0001203,-0.00034663,-3.3448e-05,-0.00036683,0.00041279,-0.00011048,-7.0742e-05
0.00049159,2.3194e-05,0.00038087,-9.8209e-05,0.00078341,0.001712,0.002,0.00040889,-7.5076e-05,-0.00040815,-2.9725e-05,-0.00042732,0.00048512,-7.0193e-06,5.0478e-05
0.0005757,-2.0386e-05,0.00052492,-7.5259e-05,0.00095639,0.0018968,0.002,0.00051515,4.0223e-05,-0.00043977,-1.3794e-05,-0.00039894,0.00055678,9.9796e-05,0.00018946
0.00063424,-8.8137e-05,0.0006816,-9.949e-05,0.0011583,0.002,0.002,0.00059542,0.00021686,-0.00038472,2.6551e-05,-0.00026014,0.00065285,0.00020392,0.00029432
0.00069192,-6.7385e-05,0.00085604,-7.4465e-06,0.0013609,0.002,0.002,0.00065499,0.00035847,-0.00025983,8.9358e-05,-8.4902e-05,0.00075851,0.00030885,0.0003459
0.00076864,6.0488e-05,0.0010337,0.00014649,0.0015077,0.002,0.002,0.00072237,0.00035078,-0.00017689,0.00013587,-3.0519e-07,0.00077364,0.00036171,0.00031538
0.00084347,0.00023218,0.0011407,0.00015424,0.0015633,0.002,0.002,0.00074557,0.00021552,-0.00015204,0.00014832,-6.9582e-05,0.00070577,0.00031996,0.00020875
0.00088217,0.00036048,0.0011432,7.2268e-05,0.0015398,0.002,0.002,0.00071786,7.0864e-05,-0.00013813,0.0001482,-0.00023389,0.00062825,0.00020307,6.9399e-05
0.00085311,0.00036598,0.0010478,5.0417e-05,0.0014703,0.002,0.002,0.00069625,-1.1353e-05,-0.00019672,0.00013196,-0.00036103,0.00055641,7.6357e-05,-4.9135e-05
0.00078927,0.00024976,0.00094644,2.4598e-05,0.001406,0.002,0.002,0.00067129,-2.3316e-05,-0.00035176,7.7334e-05,-0.00039894,0.00051173,-2.7528e-05,-8.5757e-05
0.00074465,0.00013617,0.00092093,-4.6144e-05,0.0014023,0.002,0.002,0.00065395,1.8311e-05,-0.00048158,2.0692e-05,-0.00037129,0.00051765,-4.8158e-05,-3.4547e-05
0.00076034,8.9297e-05,0.00098618,-5.5116e-05,0.0014648,0.002,0.002,0.00068911,9.7476e-05,-0.00047987,1.8006e-05,-0.00029884,0.00056557,5.1088e-05,7.4282e-05
0.00084677,0.00013208,0.0010908,3.8392e-05,0.0015845,0.002,0.002,0.00076687,0.00022846,-0.0003683,6.0976e-05,-0.00018964,0.00063564,0.00022919,0.0002035
0.001024,0.00029664,0.0012887,0.00022968,0.0017416,0.002,0.002,0.00086166,0.00041737,-0.00020099,0.00011744,-3.7904e-05,0.00072164,0.00043422,0.0003393
0.0012445,0.00054097,0.00154,0.00044172,0.0019087,0.002,0.002,0.00098813,0.0006324,-3.1129e-06,0.00017579,0.00015607,0.00083242,0.0006119,0.00046272
0.0014258,0.00074575,0.0017233,0.00057222,0.002,0.002,0.002,0.0011152,0.00081094,0.00021467,0.00023176,0.00036775,0.00094711,0.0007054,0.00054213
0.0015011,0.00083822,0.0017744,0.00058974,0.002,0.002,0.002,0.001149,0.00088461,0.00038496,0.00028388,0.00053059,0.0010038,0.00068874,0.00054158
0.0014689,0.0008909,0.0017353,0.00054262,0.002,0.002,0.002,0.0011031,0.00075307,0.00036995,0.00031788,0.00052791,0.00095138,0.00058467,0.0004734
0.0014072,0.00098544,0.0016799,0.00050319,0.002,0.002,0.002,0.0010196,0.00047108,0.0002071,0.0003058,0.0002934,0.00084866,0.00043287,0.00037489
0.0013381,0.00093057,0.0016123,0.00044081,0.002,0.002,0.002,0.00092093,0.00023188,1.7945e-05,0.00024464,3.3692e-05,0.00075204,0.00026991,0.00025892
